,ETOT,ELST,key,ele,vdw,chm,intern,SE,MSE
0,-55.366950571074014,-173.0150231824205,test0,-123.71494,6.27183,-117.44311,22.66582,3853.449569445437,2167.9858845838635
1,-43.33421841275754,-105.63811056030164,test1,-76.37093,2.53254,-73.83839,20.99546,930.5044842239306,2167.9858845838635
2,-43.16430460740907,-106.35857532377784,test10,-69.80262,2.35711,-67.44551,18.11973,589.5769353171867,2167.9858845838635
3,-28.50715377168432,-118.91998131840046,test100,-82.66853,5.67265,-76.99588,19.81007,2351.1565712445495,2167.9858845838635
4,-26.191823068613427,-111.00923676902416,test102,-73.959,4.21397,-69.74503,20.35586,1896.881834008179,2167.9858845838635
5,-41.87987286615487,-110.0834432387063,test103,-76.52698,3.20782,-73.31916,14.61359,988.4287754843598,2167.9858845838635
6,-17.9908246472631,-110.40816984788854,test104,-66.36383,5.03771,-61.326119999999996,18.38694,1877.9478233089396,2167.9858845838635
7,-21.38461401362944,-128.67963283981646,test105,-78.93947,6.42738,-72.51209,18.65147,2614.018800736898,2167.9858845838635
8,-43.18342599811962,-102.5473001018165,test106,-73.99906,2.32315,-71.67591,22.67404,811.8216445974097,2167.9858845838635
9,-46.32688364413544,-123.97297274820365,test107,-88.61144,3.72774,-84.8837,25.86527,1486.628087499865,2167.9858845838635
10,-50.52179245677132,-106.06888368478558,test108,-81.01678,2.80711,-78.20967,21.96159,766.6185628488271,2167.9858845838635
11,-57.129505533613845,-112.66331886287682,test109,-84.53704,2.22315,-82.31389,16.44712,634.2532209507523,2167.9858845838635
12,-33.1844534690702,-141.69532831965125,test11,-96.4465,6.04095,-90.40555,16.59296,3274.253888201987,2167.9858845838635
13,-40.495864084995766,-117.37382783096528,test110,-83.36994,4.08079,-79.28915,16.54728,1504.9190320832663,2167.9858845838635
14,-40.974923068447126,-107.7801342446304,test111,-74.41131,3.28871,-71.1226,9.84552,908.8824243692857,2167.9858845838635
15,-30.50255445410924,-130.383103943717,test112,-89.9665,5.67334,-84.29316,19.38872,2893.4292449936133,2167.9858845838635
16,-29.64518157311693,-135.4803413232055,test113,-94.45844,6.4085,-88.04993999999999,18.12888,3411.1158069025682,2167.9858845838635
17,-28.421858508958454,-88.00068747468627,test114,-62.03322,2.5947,-59.43852,21.67073,962.0332900498594,2167.9858845838635
18,-31.11053148258571,-83.97870936245816,test115,-57.4407,2.08826,-55.35244,14.90465,587.6701285666836,2167.9858845838635
19,-22.178154923125344,-89.69240118032675,test116,-56.48444,3.041,-53.44344,15.42391,977.5180509382412,2167.9858845838635
20,-21.588853724857582,-84.4225859719202,test117,-56.5213,2.84268,-53.678619999999995,17.09927,1029.753099593267,2167.9858845838635
21,-27.37087394416976,-132.79705717434328,test118,-87.75015,6.45494,-81.29521000000001,14.05681,2907.8340190621147,2167.9858845838635
22,-49.71947556412146,-150.57381657179943,test119,-102.62311,5.16145,-97.46166,15.67755,2279.3161747094427,2167.9858845838635
23,-49.4104721245732,-137.90534868704012,test12,-95.10773,4.54543,-90.56230000000001,19.2416,1693.4729374887552,2167.9858845838635
24,-43.37252783348365,-141.44463179497052,test120,-98.65617,5.30227,-93.35390000000001,17.1404,2498.137563647816,2167.9858845838635
25,-42.954364551437024,-148.10240964790728,test121,-101.02973,5.61702,-95.41271,16.02047,2751.8780072007685,2167.9858845838635
26,-23.430614159496372,-119.6093539129908,test122,-80.67812,5.94863,-74.72949000000001,18.30648,2631.574662499408,2167.9858845838635
27,-26.684342889917463,-95.87456275850096,test123,-63.84328,4.00608,-59.8372,13.67699,1099.1119345615502,2167.9858845838635
28,-22.36285113012196,-86.1954390202998,test124,-53.70526,3.45871,-50.24655,13.43646,777.5006626660378,2167.9858845838635
29,-42.99690102274443,-120.44881501133824,test125,-84.04383,4.17266,-79.87117,11.75146,1359.711712606993,2167.9858845838635
30,-41.04900332200539,-159.5107104511246,test126,-110.58137,7.49918,-103.08219000000001,15.76401,3848.1162494269292,2167.9858845838635
31,-36.63072708844041,-120.86340075012632,test127,-80.48799,3.72191,-76.76608,18.52616,1610.8465533354351,2167.9858845838635
32,-54.63048548359788,-145.44621158597758,test128,-104.69037,4.0753,-100.61507,12.20615,2114.58201314613,2167.9858845838635
33,-21.20527476764331,-91.30635121061069,test129,-57.39961,3.27823,-54.12138,13.41585,1083.4699836675795,2167.9858845838635
34,-48.09856336434108,-157.7436818328656,test13,-110.19478,5.74614,-104.44864,17.84011,3175.331136844633,2167.9858845838635
35,-51.85925715050647,-156.77528834837213,test130,-112.80205,6.62479,-106.17725999999999,13.3487,2950.445433557586,2167.9858845838635
36,-42.850276589727606,-101.6033244003724,test131,-74.28937,2.44347,-71.8459,18.32276,840.7461769503365,2167.9858845838635
37,-51.303789486576775,-150.23761784415544,test132,-104.72188,5.18519,-99.53669,13.82315,2326.412691937782,2167.9858845838635
38,-36.83106510236048,-90.93040520165924,test133,-60.85094,1.97288,-58.878060000000005,14.38106,486.0699840165431,2167.9858845838635
39,-68.91610414681969,-168.38773390496834,test134,-124.61806,4.45684,-120.16122,17.12412,2626.061898805872,2167.9858845838635
40,-43.80017274493714,-107.67582313872344,test135,-75.15302,2.66434,-72.48868,18.77156,823.0304485237943,2167.9858845838635
41,-54.44493530374185,-176.4872001958794,test136,-123.65171,7.70265,-115.94905999999999,24.42502,3782.75735465287,2167.9858845838635
42,-50.45525641061224,-133.87397588785322,test137,-97.19323,4.13561,-93.05762,11.69092,1814.9613834023917,2167.9858845838635
43,-45.19801099834408,-150.9155777814763,test138,-102.92229,5.71891,-97.20338000000001,17.933,2704.5584049983954,2167.9858845838635
44,-52.99407958898914,-167.51572349274684,test139,-115.23974,5.55256,-109.68718,12.72379,3214.10763421296,2167.9858845838635
45,-51.89070967087334,-151.73110626061174,test14,-104.56389,5.35831,-99.20558,18.43751,2238.69695426207,2167.9858845838635
46,-40.25312989981951,-162.38616686433747,test140,-109.00292,6.9951,-102.00782000000001,14.6143,3813.641749369331,2167.9858845838635
47,-58.15352712247324,-156.2753130910405,test141,-106.39535,4.00416,-102.39119,14.81058,1956.9708168657085,2167.9858845838635
48,-45.40072709235454,-134.73457950885012,test142,-92.21058,4.43123,-87.77935,17.92923,1795.9476795484118,2167.9858845838635
49,-48.31969219126544,-134.7828567537543,test143,-96.46386,4.81354,-91.65032,20.6123,1877.5433062990803,2167.9858845838635
50,-50.12297020931575,-143.44370738303908,test144,-97.96086,5.15949,-92.80136999999999,19.35916,1821.4458086934765,2167.9858845838635
51,-40.91866836848124,-142.3724519237108,test145,-94.81301,5.3287,-89.48431000000001,17.72821,2358.621547081109,2167.9858845838635
52,-40.0722767229967,-155.15181182962692,test146,-102.8003,6.69316,-96.10713999999999,20.8948,3139.905902472452,2167.9858845838635
53,-55.54267306986085,-128.07285325736143,test148,-96.40121,2.94216,-93.45905,15.41809,1437.651639508389,2167.9858845838635
54,-40.9005178658614,-160.67539473830612,test149,-108.99749,6.91464,-102.08285,20.7539,3743.2777653720477,2167.9858845838635
55,-48.35191341125729,-146.57038381919944,test15,-95.743,4.55613,-91.18687,13.36179,1834.8335059594722,2167.9858845838635
56,-47.24594644858318,-164.5315849883094,test150,-115.31104,7.03422,-108.27682,22.00892,3724.767526449029,2167.9858845838635
57,-45.29350138294888,-187.84353704420693,test151,-124.19423,8.13303,-116.0612,19.21039,5008.067167553778,2167.9858845838635
58,-46.28350085091007,-136.75046679007744,test152,-93.19775,4.32909,-88.86866,12.45693,1813.495779753318,2167.9858845838635
59,-54.75904974181982,-145.65532272569655,test153,-103.71054,4.26465,-99.44588999999999,15.84559,1996.913692260112,2167.9858845838635
60,-26.43755047708526,-143.29701323108247,test154,-96.67791,7.51946,-89.15845,22.43339,3933.911236963567,2167.9858845838635
61,-36.74232932264504,-137.82934527880394,test155,-97.21695,6.25144,-90.96551,25.72792,2940.1533227690798,2167.9858845838635
62,-33.40959020712605,-105.9541763411078,test156,-70.21357,3.36944,-66.84413,16.39021,1117.868451161272,2167.9858845838635
63,-31.380713673252643,-116.60926700545888,test157,-79.48052,4.26869,-75.21182999999999,12.49124,1921.166758448858,2167.9858845838635
64,-32.42433288208314,-117.94562547338654,test158,-79.20636,4.12681,-75.07955,30.87375,1819.4675473766272,2167.9858845838635
65,-34.99924642680685,-122.99395739898225,test159,-84.22204,4.41207,-79.80997,12.6345,2008.000947153129,2167.9858845838635
66,-39.2799749017728,-148.86549921809151,test16,-100.80082,7.00252,-93.7983,12.08171,2972.2477715159894,2167.9858845838635
67,-24.296620965715245,-101.54485804113348,test160,-65.1042,4.36381,-60.740390000000005,21.8182,1328.1483014242924,2167.9858845838635
68,-26.0960245549418,-106.88493338894992,test161,-66.52569,3.55846,-62.96723,16.39287,1359.4857909716895,2167.9858845838635
69,-45.41503264263655,-108.34223550917952,test162,-78.5058,2.61178,-75.89402,14.11538,928.9686703303211,2167.9858845838635
70,-41.60278229635309,-123.9595630576499,test163,-82.73177,3.47359,-79.25818,19.64602,1417.9289762198166,2167.9858845838635
71,-45.511328684731645,-130.524472641177,test164,-92.02763,4.78555,-87.24208,16.41969,1741.4556053367717,2167.9858845838635
72,-36.37285129921257,-96.47672323874632,test165,-73.02007,3.03774,-69.98233,12.36044,1129.5970585386842,2167.9858845838635
73,-46.46380751147482,-129.2883333635538,test166,-92.91368,3.87266,-89.04102,15.41099,1812.8190232930249,2167.9858845838635
74,-40.20605320852289,-107.94459975881328,test167,-71.02931,2.42922,-68.60009,14.43033,806.2213253157555,2167.9858845838635
75,-49.338587792581045,-147.20331253071535,test168,-105.6512,5.18906,-100.46214,16.14494,2613.617590304692,2167.9858845838635
76,-35.8685599689158,-116.17475604695396,test169,-83.41058,4.69901,-78.71157,14.5362,1835.5235085235813,2167.9858845838635
77,-39.476388505097376,-157.07152174968743,test17,-108.38745,7.46341,-100.92404,19.08834,3775.8138742390092,2167.9858845838635
78,-30.765856958687905,-122.95144393133876,test170,-80.6578,4.29781,-76.35999,17.85527,2078.824967788867,2167.9858845838635
79,-39.86747659432934,-98.29762920432536,test171,-72.16985,2.71579,-69.45406,16.11443,875.3659176207065,2167.9858845838635
80,-40.5156865435123,-132.40396554491716,test172,-89.72964,4.83947,-84.89017,19.09209,1969.0947820301,2167.9858845838635
81,-40.72174126621143,-128.81573581960114,test173,-86.59181,3.88506,-82.70675,20.00494,1762.7409583763024,2167.9858845838635
82,-55.15928495108599,-165.16873641732903,test174,-118.99058,6.25115,-112.73943,15.84785,3315.473103853976,2167.9858845838635
83,-25.34079741423204,-77.44474388745736,test175,-53.85791,2.28754,-51.57037,13.04284,687.99047803207,2167.9858845838635
84,-33.96463282274209,-114.00561805104503,test176,-80.68109,3.98803,-76.69306,23.79613,1825.7184890422327,2167.9858845838635
85,-26.06513513375428,-109.9762946221092,test177,-75.79819,5.2422,-70.55599000000001,13.0768,1979.436166729341,2167.9858845838635
86,-31.1515504250346,-87.78402110266923,test178,-57.77689,2.52722,-55.24967,9.83609,580.7193670493307,2167.9858845838635
87,-50.23388792039713,-139.001820934878,test179,-102.25848,4.44014,-97.81834,17.16149,2264.2800797160226,2167.9858845838635
88,-49.70656852586623,-173.79759390271155,test18,-122.22619,6.33451,-115.89168000000001,19.68496,4380.468980843514,2167.9858845838635
89,-28.08176965548119,-110.309879320302,test180,-78.03051,3.7171,-74.31341,26.91427,2137.36456894494,2167.9858845838635
90,-42.81095578568853,-134.221893952296,test181,-95.57579,5.85861,-89.71718,17.36976,2200.1938700432597,2167.9858845838635
91,-27.07610805726149,-148.31082025607824,test182,-98.45411,6.94947,-91.50464,16.38894,4151.035728296475,2167.9858845838635
92,-41.04067597177673,-131.65871735681145,test183,-93.72158,5.27227,-88.44931,17.90388,2247.578580422009,2167.9858845838635
93,-43.22724620024905,-117.3161503431281,test184,-81.91224,3.41983,-78.49240999999999,17.60705,1243.6317778232644,2167.9858845838635
94,-42.84572204695166,-114.02143811612484,test185,-82.64504,3.2869,-79.35813999999999,20.81868,1333.1566647780862,2167.9858845838635
95,-45.91974457018866,-155.8968131302131,test186,-106.80847,6.37613,-100.43234,16.0885,2971.6230604942875,2167.9858845838635
96,-51.66000966928104,-146.72762624431434,test187,-104.91866,5.28633,-99.63233,20.2678,2301.3435179131116,2167.9858845838635
97,-44.59094520310114,-137.1230947462842,test188,-99.37444,5.19991,-94.17453,14.55954,2458.53188131126,2167.9858845838635
98,-39.65060251554995,-115.22726791230156,test189,-75.31532,3.21732,-72.098,23.4356,1052.8336035138955,2167.9858845838635
99,-33.09197674985095,-165.51203329259192,test19,-106.49989,7.65635,-98.84353999999999,23.05684,4323.268069838351,2167.9858845838635
100,-45.840356347978855,-154.77428579232304,test190,-101.07116,5.67174,-95.39942,18.61848,2456.1007900650843,2167.9858845838635
101,-42.92690930400772,-150.77539526575512,test191,-99.74904,6.13489,-93.61415,17.42404,2569.196369373455,2167.9858845838635
102,-41.35462289884055,-153.95580090203546,test192,-107.65084,7.08618,-100.56466,19.06357,3505.8284935206784,2167.9858845838635
103,-39.90778124070134,-122.18767302673902,test193,-87.08771,4.57708,-82.51063,18.10712,1815.002722407676,2167.9858845838635
104,-41.2367900092404,-105.87995229689372,test194,-77.28534,3.21249,-74.07285,13.31752,1078.2068357167634,2167.9858845838635
105,-35.24028352808902,-125.5721015916351,test195,-85.56556,5.22239,-80.34317,21.45125,2034.2703680980903,2167.9858845838635
106,-42.081846186419824,-158.01081793150533,test196,-111.17841,6.25254,-104.92587,26.91503,3949.3713290818328,2167.9858845838635
107,-64.15621398868493,-199.0735960423728,test197,-136.84296,6.53384,-130.30912,16.07755,4376.206973741887,2167.9858845838635
108,-52.89521881202912,-157.52229247282332,test198,-115.38965,5.65924,-109.73041,15.38341,3230.2389573732034,2167.9858845838635
109,-54.48480546539031,-195.4135346647164,test199,-136.41482,7.89185,-128.52297,20.93185,5481.649807653935,2167.9858845838635
110,-56.5831047609109,-145.31396927348297,test2,-104.21468,4.1713,-100.04338,21.53675,1888.795523857381,2167.9858845838635
111,-37.76861521139829,-168.23914913469463,test20,-114.28258,7.4168,-106.86578,18.52639,4774.418181823179,2167.9858845838635
112,-46.083509172834496,-147.10150078557496,test200,-103.4645,5.53404,-97.93046,21.83264,2688.1063100745173,2167.9858845838635
113,-44.37361925441084,-137.25983833457175,test201,-98.89848,4.51644,-94.38204,21.84261,2500.842145467873,2167.9858845838635
114,-45.11804342759834,-144.90684024697316,test202,-100.3973,5.50886,-94.88844,16.08363,2477.0923749741314,2167.9858845838635
115,-41.41602130094132,-148.095383031918,test203,-97.78062,6.1782,-91.60242,16.6014,2518.6746143808787,2167.9858845838635
116,-44.87817780223173,-178.41267859215537,test204,-116.76761,7.44444,-109.32317,11.23162,4153.157019370414,2167.9858845838635
117,-39.34693557406717,-154.0365980105984,test205,-112.04667,7.85476,-104.19191000000001,21.40562,4204.8707082998835,2167.9858845838635
118,-41.4963524033452,-122.31794051779464,test206,-88.26972,3.91383,-84.35589,15.09378,1836.9399629990667,2167.9858845838635
119,-47.901660217469576,-194.8511805624918,test207,-130.61228,8.64567,-121.96661,19.4173,5485.616786288753,2167.9858845838635
120,-35.90465400985734,-127.81953344147594,test208,-87.54323,4.36685,-83.17638,20.59152,2234.6160780871287,2167.9858845838635
121,-45.60484036246108,-149.83564069105347,test209,-101.32673,5.0733,-96.25343,14.26408,2565.279632271814,2167.9858845838635
122,-40.477651329698354,-155.47089740075356,test21,-105.70847,5.99901,-99.70946,19.11747,3508.4071583552222,2167.9858845838635
123,-32.77046440382754,-85.05092138911601,test210,-59.16023,1.8138,-57.34643,20.34698,603.9780849842523,2167.9858845838635
124,-26.413216756575384,-84.45033074057866,test211,-59.05683,2.69855,-56.35828,20.70439,896.7068126527,2167.9858845838635
125,-58.55110198803156,-149.53919656288446,test212,-108.74329,4.43549,-104.3078,23.29442,2093.6754129584765,2167.9858845838635
126,-41.29889144551238,-160.4718472489608,test213,-110.08059,7.55834,-102.52225,11.4575,3748.299632691352,2167.9858845838635
127,-32.614846039544794,-138.10725412278302,test214,-95.87744,6.58142,-89.29602000000001,11.68157,3212.755481535387,2167.9858845838635
128,-43.86342081764312,-114.91912893560288,test215,-83.09673,3.52653,-79.5702,15.51022,1274.974079577595,2167.9858845838635
129,-56.01864847003271,-139.80536488287507,test216,-101.52541,3.89813,-97.62728,17.20207,1731.2782177965883,2167.9858845838635
130,-61.3981145410925,-131.00743333647634,test217,-94.89543,2.79784,-92.09759000000001,15.41525,942.4577934520647,2167.9858845838635
131,-47.314226759783175,-112.81207356509336,test218,-79.08464,3.02113,-76.06351,20.5637,826.5212868262117,2167.9858845838635
132,-45.74012389663705,-130.48197714917265,test219,-87.5886,4.16797,-83.42063,13.0491,1419.8205402055726,2167.9858845838635
133,-23.98885409033258,-163.4849574576487,test22,-103.23627,9.21858,-94.01769,17.15612,4904.037858863126,2167.9858845838635
134,-33.09525164553727,-97.20612473827424,test220,-67.25923,3.2158,-64.04343,19.01173,957.7897434596357,2167.9858845838635
135,-51.3169735467115,-129.46636079962093,test221,-93.23523,4.06648,-89.16875,24.63257,1432.7569806697259,2167.9858845838635
136,-50.31843125145876,-120.34939097732784,test222,-84.03366,2.86832,-81.16534,17.08655,951.53177934083,2167.9858845838635
137,-29.330299628823752,-83.33881154184152,test223,-54.23019,1.98551,-52.24468,17.76908,525.0688277949474,2167.9858845838635
138,-44.58539826795701,-110.75471725714624,test224,-77.69398,2.56957,-75.12441,15.66285,932.6312375698592,2167.9858845838635
139,-42.64677171932011,-106.43444961693464,test225,-80.62772,2.8557,-77.77202,16.15382,1233.7830667794055,2167.9858845838635
140,-40.764091645329536,-122.33695053302912,test226,-88.57277,4.12621,-84.44656,17.35147,1908.1580415567869,2167.9858845838635
141,-24.10876256254792,-88.94888727791108,test227,-57.64263,3.31841,-54.32422,17.321,912.973868154478,2167.9858845838635
142,-38.07894159024603,-98.65467108838052,test228,-66.58001,2.22351,-64.3565,14.56062,690.5100759780313,2167.9858845838635
143,-38.50043047090157,-98.7234569474426,test229,-68.02026,2.33444,-65.68581999999999,19.73564,739.0454038488142,2167.9858845838635
144,-33.9959211102126,-125.14051527964178,test23,-87.89392,5.32051,-82.57341,20.54819,2359.772426837418,2167.9858845838635
145,-22.439797215411147,-128.35366633326757,test230,-82.81952,6.41077,-76.40875,21.62714,2912.647864665181,2167.9858845838635
146,-31.783964624425963,-116.19379279722608,test231,-80.65913,4.78864,-75.87049,21.73955,1943.6217196911339,2167.9858845838635
147,-46.84886421425525,-146.2850072451346,test232,-105.19441,5.51811,-99.6763,22.49398,2790.737971696985,2167.9858845838635
148,-50.75058927765844,-122.1725420140302,test233,-89.60949,3.05652,-86.55296999999999,15.83671,1281.8104653874937,2167.9858845838635
149,-53.12393983368884,-155.5111494441855,test234,-112.49179,6.36747,-106.12432,30.53904,2809.0402977735093,2167.9858845838635
150,-43.38550005897062,-158.3038714201488,test235,-111.81565,6.97594,-104.83971000000001,18.17354,3776.6199194761157,2167.9858845838635
151,-55.293444538156734,-156.29564396694542,test236,-110.07179,5.23412,-104.83766999999999,27.42727,2454.6302766139574,2167.9858845838635
152,-50.63718342833963,-188.72134413949175,test237,-132.61001,9.07487,-123.53513999999998,15.60461,5314.11207232368,2167.9858845838635
153,-62.71311716070368,-163.18664270752168,test238,-115.72242,5.00591,-110.71651,15.91244,2304.325724083805,2167.9858845838635
154,-42.77739505452968,-170.1052841479431,test239,-112.31405,6.73203,-105.58202,24.05347,3944.4209145411933,2167.9858845838635
155,-48.07180972897045,-154.97672505662044,test24,-106.74306,6.37782,-100.36524,17.9878,2734.6028495110295,2167.9858845838635
156,-35.6196761475793,-114.62786070307146,test240,-81.63519,3.87111,-77.76407999999999,19.67204,1776.1507760759323,2167.9858845838635
157,-48.45370018491527,-166.70865438482377,test241,-113.55792,6.31006,-107.24786,20.50594,3456.7532283617243,2167.9858845838635
158,-25.20624804133676,-157.858063415495,test242,-101.70656,9.29305,-92.41351,17.92812,4516.816059980383,2167.9858845838635
159,-41.41461755635027,-157.1030820591424,test243,-111.26893,7.38298,-103.88595,16.59352,3902.667377285002,2167.9858845838635
160,-49.23605117930186,-149.3395144116298,test244,-102.36403,4.61181,-97.75222,27.89634,2353.818637038482,2167.9858845838635
161,-35.84331885440456,-136.9727617818995,test245,-88.71018,5.01138,-83.69879999999999,21.20995,2290.14707567644,2167.9858845838635
162,-55.63179293880879,-190.61828494664647,test246,-129.94329,8.10309,-121.8402,16.8844,4383.5531655803925,2167.9858845838635
163,-56.94484282877271,-160.48322827279827,test247,-116.58782,4.74674,-111.84107999999999,22.75559,3013.596855559636,2167.9858845838635
164,-48.35644352067288,-138.77413488496305,test248,-103.83109,4.95901,-98.87208,12.68195,2551.8295289115244,2167.9858845838635
165,-41.56104260747687,-135.6264121909387,test249,-97.02794,5.78731,-91.24063,15.60394,2468.0614034913424,2167.9858845838635
166,-49.99556670850145,-157.5512280354598,test25,-110.2536,5.94805,-104.30555000000001,25.78834,2949.574285122853,2167.9858845838635
167,-38.7380142635374,-117.02577662761648,test251,-82.81263,3.87435,-78.93827999999999,16.22425,1616.061365282208,2167.9858845838635
168,-52.331810881892174,-156.84807440430177,test252,-107.41797,5.51034,-101.90763,12.44457,2457.761841231345,2167.9858845838635
169,-39.86820042841406,-133.8708897883563,test253,-93.4952,4.90264,-88.59255999999999,11.42328,2374.0632156611973,2167.9858845838635
170,-43.20790861779712,-156.47015708758966,test254,-110.75456,6.86012,-103.89444,20.31428,3682.855091203095,2167.9858845838635
171,-28.570833596256143,-101.8127967557559,test255,-68.08945,3.62975,-64.4597,26.7223,1288.0107317457744,2167.9858845838635
172,-42.99176505979666,-127.72355145017605,test256,-84.40164,4.06421,-80.33743,12.24226,1394.6986898259327,2167.9858845838635
173,-44.932354061017634,-81.25810139160416,test257,-63.49339,1.78102,-61.71237,16.53681,281.56893491250224,2167.9858845838635
174,-42.588355627449,-102.6505912915069,test258,-74.54638,3.14349,-71.40289,15.73173,830.2773911069231,2167.9858845838635
175,-40.55564454265653,-109.59836302761026,test259,-76.07446,3.67258,-72.40188,23.02188,1014.1827128045608,2167.9858845838635
176,-40.053250887194245,-107.883426397981,test26,-78.65604,3.4658,-75.19024,11.77701,1234.6080039134304,2167.9858845838635
177,-44.0862442108813,-130.67633517341457,test260,-92.71867,5.50534,-87.21333,25.04349,1859.9455286620043,2167.9858845838635
178,-31.409754463141773,-115.2965593339948,test261,-80.68447,4.62358,-76.06089,23.32415,1993.7239047308838,2167.9858845838635
179,-21.50223414682146,-118.64198640165654,test262,-75.6374,5.31085,-70.32655,13.75439,2383.813818530941,2167.9858845838635
180,-46.84958075608749,-157.25981159329487,test263,-108.23884,5.9825,-102.25634,14.01907,3069.9089699128835,2167.9858845838635
181,-32.64209455027326,-153.58057753692677,test264,-102.64429,6.82756,-95.81672999999999,18.89865,3991.03456420587,2167.9858845838635
182,-38.81364054815628,-124.85678396725818,test265,-88.79496,4.35185,-84.44311,19.79669,2082.0484824567397,2167.9858845838635
183,-46.77256532519201,-117.41544199950528,test266,-85.80102,3.24076,-82.56026,17.77157,1280.75909013728,2167.9858845838635
184,-36.76166338380848,-108.1602914487454,test267,-74.23485,3.5664,-70.66844999999999,14.99424,1149.6701786359438,2167.9858845838635
185,-27.124647639710098,-77.88177268517107,test268,-50.77117,2.12575,-48.64542,15.4212,463.14364298341786,2167.9858845838635
186,-24.226429598822516,-102.34632079423524,test269,-65.32326,3.63267,-61.69059000000001,19.99547,1403.563314565156,2167.9858845838635
187,-28.817197537407875,-91.62209929924812,test27,-61.96496,3.08963,-58.87533,23.48252,903.4913271387344,2167.9858845838635
188,-31.564643642322967,-126.69266452488584,test270,-86.28137,5.11012,-81.17125,18.75473,2460.815394325524,2167.9858845838635
189,-42.71875441567717,-128.76793086301893,test271,-88.01537,4.72932,-83.28605,21.29374,1645.705471025819,2167.9858845838635
190,-44.649729504111775,-146.59434315231684,test272,-105.24426,5.78107,-99.46319,13.35195,3004.515451534299,2167.9858845838635
191,-39.89817280001389,-147.062164081418,test273,-96.99729,5.7693,-91.22799,21.39958,2634.750133783991,2167.9858845838635
192,-43.21842373974321,-171.52091352818866,test274,-123.43074,7.34931,-116.08143,27.43408,5309.017681282219,2167.9858845838635
193,-57.44479921216996,-165.5119025496499,test275,-119.8886,5.81796,-114.07064,15.80582,3206.4858449286758,2167.9858845838635
194,-55.31843935599351,-133.67847609177372,test276,-98.71122,3.56308,-95.14814,11.26366,1586.4050533911707,2167.9858845838635
195,-66.7277385389735,-137.3020409746497,test277,-103.69126,3.01645,-100.67481,10.48242,1152.4036607800397,2167.9858845838635
196,-40.78170279337689,-104.30679612932616,test278,-74.10182,2.3328,-71.76902,19.27749,960.2138276638807,2167.9858845838635
197,-40.37626104168308,-160.26937282904,test279,-107.91237,7.06855,-100.84382,24.18422,3656.3256863775323,2167.9858845838635
198,-19.354347363708783,-56.94982928702664,test28,-35.80802,1.43976,-34.36826,20.82023,225.41757265018506,2167.9858845838635
199,-39.5041575682209,-143.60964727919935,test280,-95.40894,5.94255,-89.46639,8.89508,2496.22466956712,2167.9858845838635
200,-41.19104631220788,-98.65688720018257,test281,-72.43064,2.50247,-69.92817,19.04847,825.8222778474626,2167.9858845838635
201,-24.716204707835537,-140.73024182726598,test282,-94.46305,7.69768,-86.76536999999999,19.60289,3850.0989134543456,2167.9858845838635
202,-33.28142355274893,-134.4773159046434,test283,-93.12811,5.87635,-87.25176,23.06586,2912.7972162294773,2167.9858845838635
203,-55.61743682433496,-128.01590531891327,test284,-91.23156,3.18605,-88.04551000000001,9.77953,1051.5799298862871,2167.9858845838635
204,-37.914023941888246,-148.16085779050167,test285,-100.32779,6.41936,-93.90843,16.0404,3135.373509800702,2167.9858845838635
205,-51.04226246888253,-153.80753018901422,test286,-112.64346,6.1375,-106.50596,19.89931,3076.2217438232865,2167.9858845838635
206,-26.037540174494477,-116.21614284573435,test287,-81.00654,5.30526,-75.70128,22.22393,2466.4870534555025,2167.9858845838635
207,-51.975479884448525,-142.61605846236657,test288,-106.49828,4.90471,-101.59357,18.0505,2461.954866714987,2167.9858845838635
208,-46.79394585055656,-136.37845572074997,test289,-96.46891,4.39886,-92.07005,17.72982,2049.925606951249,2167.9858845838635
209,-30.02590704353895,-113.5775438821184,test29,-80.42687,5.40568,-75.02118999999999,15.91162,2024.5754883319933,2167.9858845838635
210,-41.83745038474519,-104.15734834639102,test290,-74.52196,2.90167,-71.62029000000001,18.98486,887.017535547992,2167.9858845838635
211,-33.982238013432806,-133.41535331093996,test291,-94.4102,5.14833,-89.26187,23.98833,3055.837712570303,2167.9858845838635
212,-35.945701055009216,-93.14311625926244,test292,-64.98661,2.83592,-62.15069,14.46896,686.701445607089,2167.9858845838635
213,-54.54970455904695,-154.6158079137365,test294,-109.45965,5.17421,-104.28544,17.43145,2473.6433798524727,2167.9858845838635
214,-49.16658609056217,-110.51998063063324,test295,-81.461,2.51727,-78.94373,19.0995,886.6782994033706,2167.9858845838635
215,-38.47693666835039,-123.7791106490843,test296,-85.26668,4.09695,-81.16972999999999,16.94524,1822.6746024589443,2167.9858845838635
216,-44.27252279564236,-105.55131680892222,test297,-75.18771,2.93324,-72.25447,13.20551,782.9893693474583,2167.9858845838635
217,-54.92522877016166,-133.27265256655596,test298,-96.09393,3.51659,-92.57734,12.93675,1417.681480064119,2167.9858845838635
218,-42.92384596131684,-130.82074426163808,test299,-91.46738,4.73178,-86.7356,21.57576,1919.4697919460705,2167.9858845838635
219,-49.24375662810415,-104.97629002167668,test3,-76.97835,2.09688,-74.88147000000001,18.07346,657.2923469394876,2167.9858845838635
220,-42.13459025601104,-119.14731395562193,test30,-82.90578,3.94788,-78.9579,25.05909,1355.956140501752,2167.9858845838635
221,-58.90982062482608,-163.21709636985568,test300,-111.93116,4.85778,-107.07338,12.96035,2319.7284516859036,2167.9858845838635
222,-59.70201643395497,-166.29502069337397,test301,-115.8639,5.29503,-110.56887,13.79009,2587.4367917094687,2167.9858845838635
223,-43.97315270469802,-125.333077390078,test302,-87.12314,3.96432,-83.15882,17.74797,1535.5165213780995,2167.9858845838635
224,-42.68535197301553,-137.01172727803416,test303,-95.9735,4.65162,-91.32188000000001,20.15404,2365.511858519647,2167.9858845838635
225,-40.93452438480181,-153.08027136347908,test305,-106.98211,7.25793,-99.72418,13.2446,3456.223607353604,2167.9858845838635
226,-40.69959959772033,-132.44737238309412,test306,-92.70568,4.36712,-88.33856,15.34214,2269.4705482099707,2167.9858845838635
227,-48.84771935310231,-137.70358337072918,test307,-98.31946,4.49941,-93.82005000000001,17.15441,2022.5105238138938,2167.9858845838635
228,-41.15823235163092,-145.74205039589978,test308,-105.6475,7.05986,-98.58764,19.86592,3298.136862842552,2167.9858845838635
229,-26.55807232988647,-133.20483581296503,test309,-89.8994,6.79282,-83.10658,22.97074,3197.733719716888,2167.9858845838635
230,-38.3701898129203,-130.90812839399683,test31,-87.96493,4.73766,-83.22726999999999,12.27895,2012.1576429100971,2167.9858845838635
231,-49.911737534744944,-130.94592567785594,test310,-94.87582,4.33268,-90.54314000000001,12.30563,1650.9108662935353,2167.9858845838635
232,-44.02095426596199,-129.36140136463231,test311,-95.67869,4.85121,-90.82748000000001,14.56422,2190.850851291163,2167.9858845838635
233,-50.72859201559995,-107.86333035938186,test312,-78.18392,2.06604,-76.11788,12.22578,644.6159443548007,2167.9858845838635
234,-56.65582642948063,-155.13936959464715,test313,-108.98262,5.17963,-103.80299,18.52588,2222.855032745308,2167.9858845838635
235,-51.60723686344595,-152.5266560368744,test314,-104.93574,5.5161,-99.41964,17.83156,2286.0258936923638,2167.9858845838635
236,-44.86083407843683,-124.39181008437652,test315,-90.25473,4.44194,-85.81278999999999,25.25794,1677.0626938016521,2167.9858845838635
237,-55.32852562493468,-138.9964687123335,test316,-97.93138,3.73982,-94.19156000000001,12.06581,1510.3354408375096,2167.9858845838635
238,-34.2083713647664,-138.5727129424736,test317,-98.8045,6.56459,-92.23991000000001,19.71395,3367.659476372611,2167.9858845838635
239,-52.20168958787855,-153.8844372259546,test318,-110.44046,5.31168,-105.12878,15.4999,2801.2768994928792,2167.9858845838635
240,-55.99133147810229,-126.33194021747018,test319,-97.60887,2.9876,-94.62127,21.12264,1492.2721502055963,2167.9858845838635
241,-38.899362582600766,-112.58194881744672,test32,-76.31025,3.73905,-72.57119999999999,15.49288,1133.7926350637665,2167.9858845838635
242,-32.37492048889668,-115.45181067345206,test320,-79.37662,4.73051,-74.64611000000001,13.81623,1786.8534626836122,2167.9858845838635
243,-49.2079180359872,-113.88130906504792,test321,-82.1668,2.54012,-79.62668,16.37217,925.3010794232715,2167.9858845838635
244,-35.70513817454302,-132.22359800955522,test322,-94.78246,5.80967,-88.97279,14.43187,2837.44273099811,2167.9858845838635
245,-33.92846157936228,-101.07867807927131,test323,-71.71822,3.79718,-67.92104,16.65616,1155.4953876832058,2167.9858845838635
246,-41.47439363352114,-123.03345502649692,test324,-89.02487,4.27513,-84.74974,15.12644,1872.7556031387155,2167.9858845838635
247,-36.3304878424394,-129.42149081429568,test325,-92.60321,5.36974,-87.23347000000001,13.88261,2591.1135925329336,2167.9858845838635
248,-42.019896893604,-175.62659151379742,test326,-120.09482,9.21136,-110.88346,15.04066,4742.190323708584,2167.9858845838635
249,-54.78530532153075,-195.22023209583224,test327,-140.81524,9.29007,-131.52517,16.16634,5889.006830869772,2167.9858845838635
250,-55.14723896290992,-136.06175758731834,test328,-99.01805,3.20833,-95.80972,23.44299,1653.4373640917104,2167.9858845838635
251,-53.91062788717887,-116.07649249591022,test329,-85.3054,2.8378,-82.4676,16.33531,815.5006562524441,2167.9858845838635
252,-52.32386334183503,-165.0456172836018,test33,-120.62908,5.94886,-114.68022,14.9009,3888.3152156802757,2167.9858845838635
253,-47.556813459208286,-117.96302571783252,test330,-80.53577,3.01134,-77.52443,15.73358,898.0580411359329,2167.9858845838635
254,-55.00067636918489,-146.8448223761331,test331,-102.00944,4.41726,-97.59218,10.11269,1814.036181533737,2167.9858845838635
255,-38.02850740139297,-170.39589944771507,test332,-113.85997,7.17683,-106.68314000000001,11.66999,4713.458577249716,2167.9858845838635
256,-43.579219141749086,-163.21283073590465,test333,-109.79263,6.44195,-103.35068,25.34489,3572.627533129421,2167.9858845838635
257,-33.6030771036076,-140.14681727219332,test334,-88.27716,4.76901,-83.50815,16.0403,2490.516300794239,2167.9858845838635
258,-56.21600758002847,-148.92695045679068,test335,-104.16631,4.28296,-99.88335,13.65501,1906.8367940230446,2167.9858845838635
259,-44.8048675507374,-148.43862647120014,test336,-99.94838,5.46494,-94.48344,12.06613,2467.9605605966335,2167.9858845838635
260,-30.32128763050288,-85.99534477435887,test337,-61.25059,2.98074,-58.269850000000005,20.76097,781.1221385216708,2167.9858845838635
261,-18.611567659532543,-118.1996708139949,test338,-73.79075,5.46342,-68.32733,16.50524,2471.657025093843,2167.9858845838635
262,-35.46045888230525,-119.77972174218492,test339,-83.90679,4.53657,-79.37022,18.3417,1928.0671214130182,2167.9858845838635
263,-53.66693999626174,-121.15140012393104,test34,-88.87758,2.33144,-86.54614,15.53266,1081.0417928858217,2167.9858845838635
264,-32.26495108526711,-71.72975741795545,test340,-50.00505,0.69463,-49.31042,22.74909,290.54801052312536,2167.9858845838635
265,-39.63127377393788,-97.82715010638051,test341,-70.44849,2.89527,-67.55322000000001,19.9186,779.6350810511054,2167.9858845838635
266,-49.99241754719699,-137.1536051607236,test342,-91.77253,3.27899,-88.49354000000001,21.34774,1482.3364301257327,2167.9858845838635
267,-26.49007253428401,-83.80491066734287,test343,-59.92209,3.18695,-56.735139999999994,12.39859,914.7641060057115,2167.9858845838635
268,-60.892470465513874,-194.34487969826165,test344,-136.74624,7.99902,-128.74722,13.11689,4604.267034387846,2167.9858845838635
269,-45.7203491066802,-130.8097505148965,test345,-93.91785,4.07924,-89.83861,23.38219,1946.4209442510312,2167.9858845838635
270,-39.42198242686739,-155.01656104402488,test346,-108.93462,7.41627,-101.51835,18.11897,3855.9588657775953,2167.9858845838635
271,-40.10412433871254,-121.44167102414596,test347,-88.06916,3.72103,-84.34813,26.11186,1957.5320369560368,2167.9858845838635
272,-53.38734091456302,-131.17011314744482,test348,-96.53945,3.40586,-93.13359,18.94141,1579.7643163615999,2167.9858845838635
273,-22.433354998704413,-118.8312764510171,test349,-72.62202,5.11248,-67.50954,15.4184,2031.862454271025,2167.9858845838635
274,-54.46678408633857,-137.00713106992757,test35,-93.43844,3.30194,-90.1365,16.8296,1272.3286333613112,2167.9858845838635
275,-45.38394645678286,-171.23078206167284,test350,-118.45852,7.15417,-111.30435,18.96584,4345.499603300594,2167.9858845838635
276,-23.105292277911428,-117.51056373781924,test351,-76.91516,5.9007,-71.01446,15.31624,2295.2883518232134,2167.9858845838635
277,-33.56762218231851,-186.52479905238596,test352,-126.25924,9.89028,-116.36896,21.68488,6856.06154439781,2167.9858845838635
278,-46.612844385352936,-141.26095632330825,test353,-99.46824,5.10588,-94.36236,14.42338,2280.016241433423,2167.9858845838635
279,-43.3858068551094,-154.84147134638397,test354,-104.94488,6.52265,-98.42223,11.73659,3029.0078725834496,2167.9858845838635
280,-41.88755703494175,-114.10904058991687,test355,-80.45764,2.93215,-77.52548999999999,17.66789,1270.062266021985,2167.9858845838635
281,-48.75439230696605,-108.1953559046474,test356,-78.60641,2.3711,-76.23531,11.50204,755.2008372513066,2167.9858845838635
282,-48.41621241901933,-118.5398811662195,test357,-82.41633,3.09846,-79.31787,23.67183,954.91244125218,2167.9858845838635
283,-29.650972059714075,-104.90924073900447,test358,-70.35894,3.53013,-66.82881,23.22934,1382.1916339141637,2167.9858845838635
284,-34.29811175221056,-122.1340403311714,test359,-86.10249,5.65257,-80.44992,21.4822,2129.989404540726,2167.9858845838635
285,-34.325750750609856,-139.92215897794904,test36,-92.37052,6.71965,-85.65087,21.63906,2634.2678659641183,2167.9858845838635
286,-55.04555416976695,-130.55423047866833,test360,-95.58556,3.50377,-92.08179,16.3155,1371.6827644726382,2167.9858845838635
287,-54.45739467217025,-161.96823384370103,test361,-114.14624,5.59469,-108.55155,13.8057,2926.177640631372,2167.9858845838635
288,-27.075066072161587,-137.99135289278286,test362,-87.8791,6.54832,-81.33077999999999,28.01935,2943.6824938194377,2167.9858845838635
289,-29.383540183479127,-125.22178006495632,test363,-82.45907,5.22829,-77.23078,14.69146,2289.35835805966,2167.9858845838635
290,-33.370781697911035,-142.55151936140228,test364,-99.40312,7.10202,-92.3011,19.3059,3472.7824151855225,2167.9858845838635
291,-44.73811443589037,-143.897449035151,test365,-104.15396,5.59292,-98.56103999999999,14.1236,2896.9073162796853,2167.9858845838635
292,-41.89217907244056,-136.01067268127213,test366,-96.94862,5.46589,-91.48273,14.02696,2459.2227412988664,2167.9858845838635
293,-46.001713989207296,-142.16988126612645,test367,-97.64909,4.53137,-93.11772,17.05956,2219.9180224090546,2167.9858845838635
294,-60.31336307815765,-123.3815260414362,test368,-89.97827,2.07908,-87.89918999999999,15.77551,760.9778469618417,2167.9858845838635
295,-52.42967184162621,-146.82877963286006,test369,-99.98387,4.40163,-95.58224,17.05182,1862.1441386630954,2167.9858845838635
296,-49.18203406086396,-117.49009697137704,test37,-81.46776,3.22066,-78.2471,14.37766,844.778058046326,2167.9858845838635
297,-30.570028187799725,-167.24249121066362,test370,-106.16706,8.33259,-97.83447000000001,14.62842,4524.505132306878,2167.9858845838635
298,-33.19907362872976,-128.57899212593793,test371,-84.41066,4.70232,-79.70833999999999,17.1179,2163.1118583937687,2167.9858845838635
299,-34.74876625340419,-139.15671307729468,test372,-93.01879,6.36572,-86.65307,18.40059,2694.0567474188797,2167.9858845838635
300,-37.29572362114728,-122.95263589244492,test373,-81.81818,4.48371,-77.33447,20.35995,1603.1012115900915,2167.9858845838635
301,-31.26217332657084,-151.90709247175195,test374,-105.65322,7.87383,-97.77939,19.74459,4424.540113979924,2167.9858845838635
302,-56.58501166362693,-137.09780452918244,test375,-98.75763,3.96264,-94.79499000000001,11.90482,1460.0024444661003,2167.9858845838635
303,-36.32348259961282,-133.67398209004432,test376,-93.98908,6.57307,-87.41601,11.41463,2610.446356159315,2167.9858845838635
304,-45.12905032173523,-142.4247117261385,test377,-102.83891,6.03477,-96.80414,18.34629,2670.314893256707,2167.9858845838635
305,-33.07292593768461,-130.62967960000134,test378,-82.08233,6.44637,-75.63596,17.74856,1811.61186858982,2167.9858845838635
306,-43.779720053101045,-130.58414049538223,test379,-90.75871,4.54034,-86.21837,17.243,1801.039009315426,2167.9858845838635
307,-21.016856475037155,-105.51073127211716,test38,-72.97402,5.13044,-67.84358,19.46032,2192.7420360833084,2167.9858845838635
308,-38.90914817148583,-149.27420344006396,test380,-98.9502,6.51648,-92.43372,20.5942,2864.879789425772,2167.9858845838635
309,-34.343194241960134,-132.1622545333111,test381,-91.71759,5.73905,-85.97854,18.21252,2666.208931552325,2167.9858845838635
310,-56.67891652479467,-153.14558322025093,test382,-117.43493,5.15956,-112.27537,22.36505,3090.96563902067,2167.9858845838635
311,-50.02893494326449,-130.50448212953216,test383,-89.78156,4.37806,-85.4035,13.58801,1251.3598529532126,2167.9858845838635
312,-32.8975361865833,-115.1072414462795,test384,-76.60927,4.07377,-72.5355,16.90746,1571.1681752737315,2167.9858845838635
313,-58.94205347105797,-134.0934520130957,test385,-95.45353,3.05015,-92.40338,19.16953,1119.6603730764798,2167.9858845838635
314,-42.30385624144999,-117.65132058278776,test386,-81.71528,3.35207,-78.36321000000001,21.73988,1300.2769934842552,2167.9858845838635
315,-47.811092765402,-103.74042487504552,test387,-74.37511,1.84243,-72.53268000000001,9.61884,611.1568753978394,2167.9858845838635
316,-41.1839883483776,-145.85031574896374,test388,-99.37852,5.30496,-94.07356,15.60844,2797.3067894920996,2167.9858845838635
317,-51.2981696328733,-166.4914680352902,test389,-115.0141,6.06711,-108.94699,14.96385,3323.3864897212425,2167.9858845838635
318,-38.42052200796597,-117.12262253550092,test39,-79.96312,4.02926,-75.93386000000001,23.90716,1407.2505273045845,2167.9858845838635
319,-50.98534448644856,-165.1640285740035,test390,-120.77708,5.93956,-114.83752,24.04949,4077.100317813378,2167.9858845838635
320,-48.548835069147295,-153.21257517770513,test391,-109.46845,5.44976,-104.01869,20.74066,3076.904806049845,2167.9858845838635
321,-46.05495455586057,-131.050795203697,test392,-90.78839,4.16043,-86.62796,16.12585,1646.168770770168,2167.9858845838635
322,-60.19040816463193,-154.77031727419023,test393,-112.21833,4.27107,-107.94726,22.90951,2280.7168972252985,2167.9858845838635
323,-45.89572180789244,-175.74817786969163,test394,-120.10923,7.67362,-112.43561,19.16338,4427.556720618174,2167.9858845838635
324,-50.51977859667534,-149.99253838080978,test395,-105.11603,5.21537,-99.90065999999999,19.6397,2438.4714481692145,2167.9858845838635
325,-37.18604778336128,-165.70953928564984,test396,-108.22126,6.94783,-101.27343,24.5782,4107.192559381542,2167.9858845838635
326,-44.60107914410519,-148.63981442440488,test397,-99.21181,4.89933,-94.31248,13.6944,2471.2233750554583,2167.9858845838635
327,-51.6084693811252,-137.63077302879543,test398,-97.61053,3.06244,-94.54809,15.72396,1843.8110188928983,2167.9858845838635
328,-47.47586245402663,-150.8269854430061,test399,-105.94795,6.53184,-99.41611,13.33715,2697.7893151369926,2167.9858845838635
329,-59.70849780640649,-142.4912259204375,test4,-104.25067,3.826,-100.42467,18.04878,1657.8066780983577,2167.9858845838635
330,-31.58524252245925,-89.24474850700079,test40,-62.46262,2.66389,-59.79873,19.09639,796.0008756453486,2167.9858845838635
331,-43.154686427987976,-124.694665070134,test400,-86.27396,3.63349,-82.64047000000001,17.09668,1559.1271042957753,2167.9858845838635
332,-38.330387214210056,-120.52030384171772,test401,-81.22231,4.40831,-76.814,15.97998,1480.9884530466147,2167.9858845838635
333,-42.38645001133659,-139.60714875029137,test402,-101.46622,5.66153,-95.80469000000001,11.01035,2853.508363486439,2167.9858845838635
334,-49.19717761578216,-167.06648162827543,test403,-112.58079,6.11918,-106.46161,18.30391,3279.215216286656,2167.9858845838635
335,-45.82079259767546,-135.62118099927278,test404,-96.72902,4.70157,-92.02745,13.73549,2135.055188295794,2167.9858845838635
336,-45.805798192032086,-121.56295522884932,test405,-90.03253,4.0803,-85.95223,26.20973,1611.735986911818,2167.9858845838635
337,-53.21273170897789,-154.2655721647444,test406,-108.56212,5.46072,-103.1014,10.65888,2488.879223851635,2167.9858845838635
338,-39.814719073601374,-122.58460906255472,test407,-84.26699,3.65928,-80.60771000000001,13.71884,1664.0681087212415,2167.9858845838635
339,-40.52245942480424,-115.904973047461,test408,-80.37731,4.02464,-76.35266999999999,22.0526,1283.8039898628695,2167.9858845838635
340,-37.60391569194467,-145.36577792896938,test409,-102.43672,6.88394,-95.55278,16.59337,3358.0708745934085,2167.9858845838635
341,-39.13950706123379,-126.63906426400185,test41,-83.31164,5.01649,-78.29514999999999,17.63528,1533.1643739481513,2167.9858845838635
342,-43.74707458905871,-168.7023208323645,test410,-112.13509,6.4919,-105.64319,15.95378,3831.129102964564,2167.9858845838635
343,-25.888597265595,-146.37389369450003,test411,-93.5765,7.46046,-86.11604,13.5198,3627.344858326034,2167.9858845838635
344,-39.78421090936256,-153.17559713899516,test412,-104.5293,5.73646,-98.79284000000001,16.2041,3482.018307156425,2167.9858845838635
345,-63.60009687261026,-172.93964701045522,test413,-125.38489,6.04312,-119.34177,18.39767,3107.1341230407634,2167.9858845838635
346,-61.725565370965775,-150.4816597658834,test415,-106.11768,3.99144,-102.12624,18.19831,1632.2145104810893,2167.9858845838635
347,-55.87318094419622,-159.10998275664878,test416,-116.08731,5.77837,-110.30894,17.66477,2963.251863981524,2167.9858845838635
348,-65.79264749688818,-199.05819978622296,test417,-139.67746,6.74414,-132.93332,17.09344,4507.869904170117,2167.9858845838635
349,-54.54965635761169,-135.68256086528808,test418,-97.95886,2.81894,-95.13992,12.17318,1647.5695025585908,2167.9858845838635
350,-47.15119164059647,-158.38881244962863,test419,-110.66211,6.16557,-104.49654,18.89669,3288.4889784613442,2167.9858845838635
351,-27.92680077797545,-117.3455884000642,test42,-83.21976,5.89348,-77.32628,12.2988,2440.308547407235,2167.9858845838635
352,-47.33939512476171,-98.80340115114252,test420,-67.30406,1.30135,-66.00271000000001,14.55353,348.3193221322912,2167.9858845838635
353,-32.8880620907208,-114.03993570033003,test421,-72.85618,3.77158,-69.0846,21.63623,1310.1893566178858,2167.9858845838635
354,-27.671304440148564,-151.0653439799908,test422,-98.14538,7.5995,-90.54588,21.38531,3953.2122518314677,2167.9858845838635
355,-18.88189275352904,-132.243916798877,test423,-80.93081,6.34956,-74.58125,20.0171,3102.4183976699965,2167.9858845838635
356,-34.290742446481865,-131.59418601316673,test424,-88.82271,4.88574,-83.93697,14.75,2464.7479102957036,2167.9858845838635
357,-42.2186228452125,-154.99317326383093,test425,-103.12324,6.24473,-96.87850999999999,18.16394,2987.7032637741027,2167.9858845838635
358,-49.77686693212532,-126.48786927704472,test426,-89.23441,3.26026,-85.97415,14.65059,1310.2433014958465,2167.9858845838635
359,-49.08341811848639,-166.84190633741062,test427,-119.99313,6.4785,-113.51463,17.04562,4151.3810645205,2167.9858845838635
360,-39.84375636419931,-122.29332972016118,test428,-80.83708,3.83689,-77.00019,13.93922,1380.6005605316614,2167.9858845838635
361,-49.69208893242517,-124.48010900539384,test43,-91.12723,3.42117,-87.70606,24.4669,1445.0619963264157,2167.9858845838635
362,-35.98017921266758,-124.77761865461125,test430,-86.07604,4.81519,-81.26085,17.96089,2050.33914695078,2167.9858845838635
363,-51.16279546003869,-117.50909059609523,test431,-86.52401,3.08344,-83.44057000000001,12.64085,1041.8547292525752,2167.9858845838635
364,-52.063361010050336,-122.98209570111374,test432,-87.91429,2.98684,-84.92745,19.7359,1080.0483451393302,2167.9858845838635
365,-38.3753362887207,-146.3883677931733,test433,-101.61768,7.83383,-93.78384999999999,18.77191,3070.103391693024,2167.9858845838635
366,-45.82623396738124,-178.1521165166657,test434,-124.48226,7.8712,-116.61106,21.85337,5010.491596468101,2167.9858845838635
367,-55.49682023744886,-121.03643779439736,test435,-91.04896,2.38796,-88.66099999999999,13.45709,1099.8628193228058,2167.9858845838635
368,-39.42748336141064,-172.26811215192978,test436,-122.28738,9.20959,-113.07779,22.74134,5424.3676679582395,2167.9858845838635
369,-48.91039295130222,-148.51494187527524,test437,-105.24745,6.02258,-99.22487,15.81513,2531.546600683935,2167.9858845838635
370,-51.21293547945425,-147.13428841859823,test438,-102.55386,4.40628,-98.14758,18.01042,2202.8608562699956,2167.9858845838635
371,-45.00087223096031,-131.06858542508303,test439,-92.23996,4.67802,-87.56193999999999,12.01456,1811.4444896407883,2167.9858845838635
372,-28.82802595741124,-84.71080474768495,test44,-55.8924,2.2452,-53.647200000000005,16.97057,615.991400156312,2167.9858845838635
373,-49.12626995772893,-141.4469393304355,test440,-100.07076,4.6882,-95.38256000000001,16.07073,2139.644368474707,2167.9858845838635
374,-52.33159911111921,-156.11397984095535,test441,-105.6225,5.46411,-100.15839,16.67966,2287.4019267287304,2167.9858845838635
375,-49.73869568865783,-126.63687710474464,test442,-91.75851,2.98933,-88.76918,22.90618,1523.3787055779278,2167.9858845838635
376,-30.6303089774726,-106.93428674127892,test443,-71.64863,3.3958,-68.25283,26.91439,1415.4540880905167,2167.9858845838635
377,-36.96038971416898,-130.3274322663999,test444,-88.95649,5.03534,-83.92115,15.53932,2205.3130066232834,2167.9858845838635
378,-34.935103396496125,-96.2984105370562,test45,-66.60469,2.89202,-63.71267,19.14506,828.1483396191018,2167.9858845838635
379,-33.253415322648856,-88.81484688551596,test46,-63.65103,3.17714,-60.47389,13.26019,740.9542416603148,2167.9858845838635
380,-27.226981124052237,-92.18377147562686,test47,-61.4646,3.10759,-58.357009999999995,28.5397,969.0786978173412,2167.9858845838635
381,-40.5587440878014,-142.20652880490258,test48,-97.87368,6.12177,-91.75191,17.51951,2620.740236113892,2167.9858845838635
382,-42.01123894505135,-138.02576606848498,test49,-97.0389,5.03681,-92.00209,29.48502,2499.0851891980597,2167.9858845838635
383,-46.76100032711529,-132.1497471404089,test5,-91.38049,4.18474,-87.19574999999999,22.31101,1634.9689811088492,2167.9858845838635
384,-41.721655900654575,-119.65917148338865,test50,-84.73682,4.06101,-80.67581,23.05222,1517.4261215955498,2167.9858845838635
385,-55.46053814017408,-139.18443911735605,test51,-94.22972,3.66662,-90.5631,13.24863,1232.1898491229058,2167.9858845838635
386,-34.70446062989667,-125.87593289661083,test52,-86.13103,4.71485,-81.41618,16.62537,2181.984726511286,2167.9858845838635
387,-38.67192399769631,-142.94374017611932,test53,-92.89033,6.61706,-86.27327000000001,9.34716,2265.8881412310343,2167.9858845838635
388,-46.594311418602885,-126.34905005156988,test54,-94.00721,4.22835,-89.77886,13.41386,1864.905236179047,2167.9858845838635
389,-40.56374906557839,-112.14073102324296,test55,-76.30227,3.42414,-72.87813,18.49808,1044.2192151749107,2167.9858845838635
390,-51.95847751023754,-120.76075994623376,test56,-87.97449,3.26683,-84.70766,19.62892,1072.5089537477643,2167.9858845838635
391,-35.591138733955304,-114.65900816975802,test57,-83.21914,4.45519,-78.76395,21.0031,1863.8916326135152,2167.9858845838635
392,-46.91235220550512,-145.05996026114806,test58,-104.00228,5.07549,-98.92679,18.80884,2705.501739077377,2167.9858845838635
393,-31.91352741581252,-141.94016661067607,test59,-93.14012,6.94921,-86.19091,18.929,2946.034260190258,2167.9858845838635
394,-47.804671024637095,-156.84915424655404,test6,-106.04375,5.36599,-100.67776,17.35326,2795.5635377966432,2167.9858845838635
395,-62.46991102922148,-195.78992511860108,test60,-132.04692,7.07577,-124.97115,16.89288,3906.404872882363,2167.9858845838635
396,-24.85189885523034,-141.63582338217364,test61,-94.25731,7.37219,-86.88512,16.91968,3848.120525595898,2167.9858845838635
397,-44.28135494732213,-130.41149977760088,test62,-88.62703,4.60457,-84.02246000000001,18.63897,1579.3554308079795,2167.9858845838635
398,-17.679702351907984,-108.351918482452,test63,-72.38062,5.78595,-66.59467,20.63259,2392.674060013888,2167.9858845838635
399,-29.323293194584185,-94.5994947153356,test64,-62.31868,3.15935,-59.15933,15.97092,890.189092254127,2167.9858845838635
400,-69.77930429766236,-196.00914178152112,test65,-138.42109,8.1319,-130.28919,12.87442,3661.4462677099636,2167.9858845838635
401,-54.99268398975893,-135.26872007966952,test66,-99.81147,4.44086,-95.37061,20.22141,1630.3769088885022,2167.9858845838635
402,-40.45214969580192,-125.06086685486362,test67,-83.75102,4.61157,-79.13945,14.22978,1496.7072048272046,2167.9858845838635
403,-50.583042092975866,-168.9467448084339,test68,-109.99263,5.92722,-104.06541,17.13944,2860.363676942285,2167.9858845838635
404,-34.39826378802003,-100.98283033002772,test69,-69.53637,3.65885,-65.87752,16.19588,990.9435716594797,2167.9858845838635
405,-39.1665527619496,-133.25200149464752,test7,-92.64141,5.1795,-87.46190999999999,13.77787,2332.4415307509057,2167.9858845838635
406,-41.06840761400172,-104.28888696287908,test70,-74.43058,3.16209,-71.26849,15.82673,912.0449761210834,2167.9858845838635
407,-34.948358957515374,-118.38383006746824,test71,-88.40316,5.43563,-82.96753,24.99728,2305.840787607394,2167.9858845838635
408,-27.09122121421124,-103.88486844425756,test72,-65.99115,4.03158,-61.95957000000001,15.3223,1215.8017470474172,2167.9858845838635
409,-21.20731761140319,-64.5986400308986,test73,-48.00542,2.10158,-45.90384,15.96275,609.9182180904636,2167.9858845838635
410,-41.330373158573884,-114.49549108463091,test74,-80.61628,3.3037,-77.31258,11.57203,1294.7192091791721,2167.9858845838635
411,-37.12411252178864,-105.82098480313284,test75,-69.19208,2.79058,-66.4015,31.66926,857.1654175493273,2167.9858845838635
412,-42.468956403632966,-96.14329454329814,test76,-67.77439,1.75944,-66.01495,19.7215,554.4138144401574,2167.9858845838635
413,-37.38304753496976,-104.78705934921663,test77,-74.99041,3.45709,-71.53332,24.78113,1166.2411094358026,2167.9858845838635
414,-52.1787605258902,-149.5212584525038,test78,-106.68268,5.53596,-101.14672,14.39768,2397.86105505806,2167.9858845838635
415,-49.48807323382495,-123.94122857950882,test79,-89.98951,4.09262,-85.89689,17.1373,1325.6019383129094,2167.9858845838635
416,-48.39421363309991,-127.82147448778969,test8,-88.0818,3.57891,-84.50289000000001,21.63187,1303.8365089695296,2167.9858845838635
417,-46.708882827516845,-103.6965099535784,test80,-75.02177,2.10661,-72.91516,15.16321,686.7689632410116,2167.9858845838635
418,-41.12551290728784,-93.72029853997026,test81,-66.3355,1.86983,-64.46567,16.41343,544.7629331124818,2167.9858845838635
419,-38.25833404570736,-67.68558041467716,test82,-48.72333,0.26837,-48.45496,26.56351,103.97118085175434,2167.9858845838635
420,-53.726407014903934,-143.9381558547557,test83,-102.59139,4.41126,-98.18013,15.40837,1976.1334872356588,2167.9858845838635
421,-54.50721323143111,-152.6327781824376,test84,-103.37225,4.60492,-98.76732999999999,14.50528,1958.957936367352,2167.9858845838635
422,-28.61299987030641,-101.56703856236952,test85,-68.35412,3.89893,-64.45518999999999,12.32558,1284.6625932931038,2167.9858845838635
423,-60.14817907057755,-139.34252276450405,test86,-98.16517,2.91529,-95.24988,14.99066,1232.1294081386172,2167.9858845838635
424,-37.87935390745026,-124.5797246214729,test87,-83.85008,4.19795,-79.65213,18.66455,1744.9648224782952,2167.9858845838635
425,-35.940558446689884,-80.44611938824812,test89,-56.2234,1.25651,-54.96689,15.76715,362.0012923764841,2167.9858845838635
426,-44.071710795227816,-140.91581624946292,test9,-97.17428,5.45026,-91.72402,12.02736,2270.7425725472153,2167.9858845838635
427,-45.6991200914531,-137.8568134222049,test90,-100.47551,4.59556,-95.87995,13.77794,2518.1156903105143,2167.9858845838635
428,-25.60571368652798,-113.19148571516264,test91,-78.90604,6.19956,-72.70648,21.16013,2218.482187316301,2167.9858845838635
429,-33.26838261221844,-100.18506470270174,test92,-66.78634,3.02925,-63.75709,14.11108,929.5612781777659,2167.9858845838635
430,-44.79427501006802,-133.87866282124676,test93,-91.86154,4.73127,-87.13027000000001,15.78201,1792.3364717875465,2167.9858845838635
431,-55.44273268329823,-117.86714035268176,test94,-92.42135,2.43597,-89.98538,18.12983,1193.1944836460443,2167.9858845838635
432,-53.78981702622984,-124.96616617034093,test95,-96.02407,3.37317,-92.6509,19.49006,1510.1837698942484,2167.9858845838635
433,-49.4146168886409,-161.04255607482037,test96,-109.79642,5.41171,-104.38471,23.27478,3021.711136671489,2167.9858845838635
434,-53.03903715564224,-131.86222845013572,test97,-94.91179,3.41953,-91.49226,17.47383,1478.6503471178376,2167.9858845838635
435,-50.14563946752595,-114.92865858157946,test98,-83.17631,2.88097,-80.29534,12.13455,909.0044421978656,2167.9858845838635
436,-47.48848124161899,-111.14227547561764,test99,-77.16206,2.32766,-74.8344,12.37013,747.7992727399744,2167.9858845838635
