,ETOT,ELST,key,ele,vdw,chm,SE,MSE
0,-55.366950571074014,-173.0150231824205,test0,-117.64405,55.16075,-117.85427318242048,3904.6654871344917,2076.827075679353
1,-43.33421841275754,-105.63811056030164,test1,-71.54407,28.23082,-77.40729056030165,1160.9742455717462,2076.827075679353
2,-43.16430460740907,-106.35857532377784,test10,-70.62562,28.3902,-77.96837532377785,1211.3233384299986,2076.827075679353
3,-28.50715377168432,-118.91998131840046,test100,-76.21351,51.56462,-67.35536131840047,1509.1832295927338,2076.827075679353
4,-26.191823068613427,-111.00923676902416,test102,-70.79145,39.65876,-71.35047676902416,2039.304004033619,2076.827075679353
5,-41.87987286615487,-110.0834432387063,test103,-75.49327,31.43456,-78.64888323870629,1351.960123776794,2076.827075679353
6,-17.9908246472631,-110.40816984788854,test104,-65.80594,46.40834,-63.99982984788854,2116.828559551179,2076.827075679353
7,-21.38461401362944,-128.67963283981646,test105,-79.47141,60.34657,-68.33306283981646,2204.156847185101,2076.827075679353
8,-43.18342599811962,-102.5473001018165,test106,-69.91311,26.75151,-75.79579010181651,1063.5662924320975,2076.827075679353
9,-46.32688364413544,-123.97297274820365,test107,-85.02883,36.63413,-87.33884274820365,1681.9807895537629,2076.827075679353
10,-50.52179245677132,-106.06888368478558,test108,-77.04129,25.76849,-80.30039368478558,886.765091097092,2076.827075679353
11,-57.129505533613845,-112.66331886287682,test109,-81.47619,22.52439,-90.13892886287682,1089.622028530491,2076.827075679353
12,-33.1844534690702,-141.69532831965125,test11,-91.30832,56.39642,-85.29890831965125,2715.9164043732503,2076.827075679353
13,-40.495864084995766,-117.37382783096528,test110,-80.14775,37.57214,-79.80168783096528,1544.9477803492207,2076.827075679353
14,-40.974923068447126,-107.7801342446304,test111,-75.71728,32.03791,-75.7422242446304,1208.7652310754354,2076.827075679353
15,-30.50255445410924,-130.383103943717,test112,-83.00032,53.80507,-76.578033943717,2122.9498101972654,2076.827075679353
16,-29.64518157311693,-135.4803413232055,test113,-83.7066,56.61215,-78.8681913232055,2422.904688857314,2076.827075679353
17,-28.421858508958454,-88.00068747468627,test114,-54.83062,30.82456,-57.17612747468627,826.8079837534177,2076.827075679353
18,-31.11053148258571,-83.97870936245816,test115,-55.38961,20.25894,-63.719769362458166,1063.3623951061084,2076.827075679353
19,-22.178154923125344,-89.69240118032675,test116,-55.78984,34.40808,-55.28432118032676,1096.018244249461,2076.827075679353
20,-21.588853724857582,-84.4225859719202,test117,-54.48139,27.412,-57.0105859719202,1254.699115382596,2076.827075679353
21,-27.37087394416976,-132.79705717434328,test118,-84.27255,59.07908,-73.71797717434328,2148.0539778283605,2076.827075679353
22,-49.71947556412146,-150.57381657179943,test119,-100.26033,48.10029,-102.47352657179943,2782.9898977206885,2076.827075679353
23,-49.4104721245732,-137.90534868704012,test12,-94.13952,42.2007,-95.70464868704012,2143.150783596862,2076.827075679353
24,-43.37252783348365,-141.44463179497052,test120,-93.17622,46.97546,-94.46917179497052,2610.8670241269524,2076.827075679353
25,-42.954364551437024,-148.10240964790728,test121,-96.00733,53.65097,-94.45143964790728,2651.9487434914968,2076.827075679353
26,-23.430614159496372,-119.6093539129908,test122,-75.15134,53.13877,-66.4705839129908,1852.4389963817157,2076.827075679353
27,-26.684342889917463,-95.87456275850096,test123,-62.78714,35.20548,-60.669082758500956,1154.962543935288,2076.827075679353
28,-22.36285113012196,-86.1954390202998,test124,-50.31578,32.58944,-53.6059990202998,976.1342900875238,2076.827075679353
29,-42.99690102274443,-120.44881501133824,test125,-81.99701,42.6772,-77.77161501133824,1209.280732988502,2076.827075679353
30,-41.04900332200539,-159.5107104511246,test126,-104.06131,69.08084,-90.4298704511246,2438.4700384237262,2076.827075679353
31,-36.63072708844041,-120.86340075012632,test127,-79.50801,38.05561,-82.80779075012632,2132.321208415393,2076.827075679353
32,-54.63048548359788,-145.44621158597758,test128,-99.68959,44.70061,-100.74560158597758,2126.60393313596,2076.827075679353
33,-21.20527476764331,-91.30635121061069,test129,-55.00847,34.32337,-56.98298121061069,1280.0442783191495,2076.827075679353
34,-48.09856336434108,-157.7436818328656,test13,-105.81981,59.16981,-98.5738718328656,2547.7567649927037,2076.827075679353
35,-51.85925715050647,-156.77528834837213,test130,-106.12038,53.78844,-102.98684834837212,2614.030581696069,2076.827075679353
36,-42.850276589727606,-101.6033244003724,test131,-70.60962,26.5824,-75.0209244003724,1034.9505805565443,2076.827075679353
37,-51.303789486576775,-150.23761784415544,test132,-104.25246,50.84479,-99.39282784415543,2312.5556101566717,2076.827075679353
38,-36.83106510236048,-90.93040520165924,test133,-62.01935,24.59685,-66.33355520165924,870.396922059221,2076.827075679353
39,-68.91610414681969,-168.38773390496834,test134,-119.5534,47.3439,-121.04383390496835,2717.3002097385775,2076.827075679353
40,-43.80017274493714,-107.67582313872344,test135,-73.0738,27.88585,-79.78997313872344,1295.2657323845804,2076.827075679353
41,-54.44493530374185,-176.4872001958794,test136,-120.49021,64.13138,-112.35582019587942,3353.670588990407,2076.827075679353
42,-50.45525641061224,-133.87397588785322,test137,-91.08889,39.08887,-94.78510588785322,1965.135554674842,2076.827075679353
43,-45.19801099834408,-150.9155777814763,test138,-101.08009,51.866,-99.04957778147629,2899.991244998148,2076.827075679353
44,-52.99407958898914,-167.51572349274684,test139,-112.07549,53.52202,-113.99370349274685,3720.954116399889,2076.827075679353
45,-51.89070967087334,-151.73110626061174,test14,-101.38896,58.95839,-92.77271626061173,1671.338462803413,2076.827075679353
46,-40.25312989981951,-162.38616686433747,test140,-103.45483,69.22594,-93.16022686433747,2799.1609092129056,2076.827075679353
47,-58.15352712247324,-156.2753130910405,test141,-105.45959,43.89464,-112.38067309104048,2940.5833598962977,2076.827075679353
48,-45.40072709235454,-134.73457950885012,test142,-90.34276,44.69465,-90.03992950885012,1992.6583923808646,2076.827075679353
49,-48.31969219126544,-134.7828567537543,test143,-91.99629,43.63067,-91.15218675375428,1834.622590445636,2076.827075679353
50,-50.12297020931575,-143.44370738303908,test144,-95.11554,46.34346,-97.10024738303909,2206.8645706568277,2076.827075679353
51,-40.91866836848124,-142.3724519237108,test145,-95.87091,47.08965,-95.28280192371079,2955.4590172108356,2076.827075679353
52,-40.0722767229967,-155.15181182962692,test146,-97.4404,62.59299,-92.55882182962692,2754.8374172303293,2076.827075679353
53,-55.54267306986085,-128.07285325736143,test148,-90.40728,32.53012,-95.54273325736143,1600.0048150036696,2076.827075679353
54,-40.9005178658614,-160.67539473830612,test149,-104.56682,62.35026,-98.32513473830613,3297.586622947064,2076.827075679353
55,-48.35191341125729,-146.57038381919944,test15,-97.55204,45.38755,-101.18283381919943,2791.106151150317,2076.827075679353
56,-47.24594644858318,-164.5315849883094,test150,-108.21226,60.69296,-103.83862498830939,3202.731264300787,2076.827075679353
57,-45.29350138294888,-187.84353704420693,test151,-125.23669,72.98365,-114.85988704420693,4839.482013970888,2076.827075679353
58,-46.28350085091007,-136.75046679007744,test152,-92.89075,42.91702,-93.83344679007743,2260.997358817738,2076.827075679353
59,-54.75904974181982,-145.65532272569655,test153,-102.59363,43.507,-102.14832272569654,2245.743193940388,2076.827075679353
60,-26.43755047708526,-143.29701323108247,test154,-91.41482,63.31487,-79.98214323108247,2867.0234131914112,2076.827075679353
61,-36.74232932264504,-137.82934527880394,test155,-91.42851,49.45339,-88.37595527880394,2666.031329380526,2076.827075679353
62,-33.40959020712605,-105.9541763411078,test156,-67.63912,35.11923,-70.8349463411078,1400.657281755365,2076.827075679353
63,-31.380713673252643,-116.60926700545888,test157,-75.92555,40.78609,-75.82317700545887,1975.1325470344952,2076.827075679353
64,-32.42433288208314,-117.94562547338654,test158,-74.14401,38.33293,-79.61269547338654,2226.741564048322,2076.827075679353
65,-34.99924642680685,-122.99395739898225,test159,-77.59799,45.49345,-77.50050739898225,1806.35718422496,2076.827075679353
66,-39.2799749017728,-148.86549921809151,test16,-98.90328,62.90201,-85.96348921809152,2179.350508921935,2076.827075679353
67,-24.296620965715245,-101.54485804113348,test160,-63.50656,38.93889,-62.60596804113348,1467.6060733448553,2076.827075679353
68,-26.0960245549418,-106.88493338894992,test161,-67.66496,37.7967,-69.08823338894992,1848.3300204269656,2076.827075679353
69,-45.41503264263655,-108.34223550917952,test162,-74.62491,26.17698,-82.16525550917952,1350.5788807405777,2076.827075679353
70,-41.60278229635309,-123.9595630576499,test163,-82.31567,37.39777,-86.56179305764991,2021.3126486344029,2076.827075679353
71,-45.511328684731645,-130.524472641177,test164,-89.68963,43.35438,-87.170092641177,1735.4526143788312,2076.827075679353
72,-36.37285129921257,-96.47672323874632,test165,-64.75526,29.6128,-66.86392323874631,929.7054680218218,2076.827075679353
73,-46.46380751147482,-129.2883333635538,test166,-86.82743,41.27144,-88.01689336355379,1726.6589438302456,2076.827075679353
74,-40.20605320852289,-107.94459975881328,test167,-70.07324,31.12766,-76.81693975881328,1340.3570139982337,2076.827075679353
75,-49.338587792581045,-147.20331253071535,test168,-98.01786,53.82088,-93.38243253071535,1939.8602593168807,2076.827075679353
76,-35.8685599689158,-116.17475604695396,test169,-78.33155,41.39319,-74.78156604695397,1514.2220420294357,2076.827075679353
77,-39.476388505097376,-157.07152174968743,test17,-102.83877,66.30413,-90.76739174968743,2630.767013836548,2076.827075679353
78,-30.765856958687905,-122.95144393133876,test170,-78.50283,40.91646,-82.03498393133876,2628.523380537795,2076.827075679353
79,-39.86747659432934,-98.29762920432536,test171,-64.92078,28.45272,-69.84490920432536,898.6464658868529,2076.827075679353
80,-40.5156865435123,-132.40396554491716,test172,-86.08367,45.59443,-86.80953554491715,2143.120455364873,2076.827075679353
81,-40.72174126621143,-128.81573581960114,test173,-82.83921,41.6975,-87.11823581960115,2152.634706842722,2076.827075679353
82,-55.15928495108599,-165.16873641732903,test174,-112.82498,59.55166,-105.61707641732903,2545.9887196508685,2076.827075679353
83,-25.34079741423204,-77.44474388745736,test175,-51.31074,24.61035,-52.83439388745737,755.8978470325482,2076.827075679353
84,-33.96463282274209,-114.00561805104503,test176,-77.38153,38.14547,-75.86014805104503,1755.2341962449636,2076.827075679353
85,-26.06513513375428,-109.9762946221092,test177,-70.32894,51.04328,-58.93301462210919,1080.2975020610218,2076.827075679353
86,-31.1515504250346,-87.78402110266923,test178,-57.8711,24.4311,-63.35292110266923,1036.9282735184272,2076.827075679353
87,-50.23388792039713,-139.001820934878,test179,-95.04259,41.67082,-97.331000934878,2218.138054298784,2076.827075679353
88,-49.70656852586623,-173.79759390271155,test18,-115.60427,62.6687,-111.12889390271155,3772.7020546990566,2076.827075679353
89,-28.08176965548119,-110.309879320302,test180,-70.16154,34.44192,-75.86795932030199,2283.5199226822265,2076.827075679353
90,-42.81095578568853,-134.221893952296,test181,-89.10146,49.86817,-84.35372395229601,1725.8015869444957,2076.827075679353
91,-27.07610805726149,-148.31082025607824,test182,-92.82058,67.11288,-81.19794025607824,2929.1727205568773,2076.827075679353
92,-41.04067597177673,-131.65871735681145,test183,-88.30866,45.78006,-85.87865735681146,2010.444574684721,2076.827075679353
93,-43.22724620024905,-117.3161503431281,test184,-78.89137,34.62718,-82.68897034312809,1557.2276723286827,2076.827075679353
94,-42.84572204695166,-114.02143811612484,test185,-78.13261,33.21051,-80.81092811612484,1441.3568718747845,2076.827075679353
95,-45.91974457018866,-155.8968131302131,test186,-105.51735,59.11856,-96.7782531302131,2586.587892950079,2076.827075679353
96,-51.66000966928104,-146.72762624431434,test187,-99.73385,51.38358,-95.34404624431434,1908.2950514888473,2076.827075679353
97,-44.59094520310114,-137.1230947462842,test188,-92.6663,47.05533,-90.06776474628421,2068.1411157632374,2076.827075679353
98,-39.65060251554995,-115.22726791230156,test189,-76.07514,34.76722,-80.46004791230155,1665.4108335904502,2076.827075679353
99,-33.09197674985095,-165.51203329259192,test19,-103.27213,72.1093,-93.40273329259192,3637.3873547577723,2076.827075679353
100,-45.840356347978855,-154.77428579232304,test190,-101.61245,62.27886,-92.49542579232303,2176.695504856578,2076.827075679353
101,-42.92690930400772,-150.77539526575512,test191,-100.24863,56.28798,-94.48741526575512,2658.4857750313886,2076.827075679353
102,-41.35462289884055,-153.95580090203546,test192,-99.22852,59.99866,-93.95714090203546,2767.0249002764444,2076.827075679353
103,-39.90778124070134,-122.18767302673902,test193,-81.49826,43.87548,-78.31219302673901,1474.898844631549,2076.827075679353
104,-41.2367900092404,-105.87995229689372,test194,-72.63426,30.03397,-75.84598229689372,1197.796190803762,2076.827075679353
105,-35.24028352808902,-125.5721015916351,test195,-79.51054,45.48779,-80.0843115916351,2010.986852964108,2076.827075679353
106,-42.081846186419824,-158.01081793150533,test196,-104.45686,57.73324,-100.27757793150533,3386.7431933459534,2076.827075679353
107,-64.15621398868493,-199.0735960423728,test197,-133.8408,62.81834,-136.2552560423728,5198.271865059452,2076.827075679353
108,-52.89521881202912,-157.52229247282332,test198,-105.62515,54.1768,-103.34549247282332,2545.2301124490255,2076.827075679353
109,-54.48480546539031,-195.4135346647164,test199,-129.18829,71.69016,-123.72337466471639,4793.979464769866,2076.827075679353
110,-56.5831047609109,-145.31396927348297,test2,-101.06827,41.59483,-103.71913927348297,2221.805749570385,2076.827075679353
111,-37.76861521139829,-168.23914913469463,test20,-106.43734,68.72949,-99.50965913469463,3811.9565047384076,2076.827075679353
112,-46.083509172834496,-147.10150078557496,test200,-93.5444,54.45549,-92.64601078557496,2168.066556436458,2076.827075679353
113,-44.37361925441084,-137.25983833457175,test201,-94.04328,48.07888,-89.18095833457176,2007.6976354445155,2076.827075679353
114,-45.11804342759834,-144.90684024697316,test202,-97.04658,48.40253,-96.50431024697316,2640.548417631982,2076.827075679353
115,-41.41602130094132,-148.095383031918,test203,-98.18651,55.73952,-92.355863031918,2594.867475576954,2076.827075679353
116,-44.87817780223173,-178.41267859215537,test204,-115.21984,76.37483,-102.03784859215537,3267.2279648124495,2076.827075679353
117,-39.34693557406717,-154.0365980105984,test205,-98.90125,64.73232,-89.3042780105984,2495.7360633208436,2076.827075679353
118,-41.4963524033452,-122.31794051779464,test206,-82.40091,39.32759,-82.99035051779464,1721.7518795219337,2076.827075679353
119,-47.901660217469576,-194.8511805624918,test207,-128.57288,79.93459,-114.9165905624918,4491.000889148182,2076.827075679353
120,-35.90465400985734,-127.81953344147594,test208,-83.91579,41.57533,-86.24420344147595,2534.070236978373,2076.827075679353
121,-45.60484036246108,-149.83564069105347,test209,-98.53249,55.76731,-94.06833069105346,2348.709894829567,2076.827075679353
122,-40.477651329698354,-155.47089740075356,test21,-102.27716,60.87957,-94.59132740075356,2928.2899379230926,2076.827075679353
123,-32.77046440382754,-85.05092138911601,test210,-58.48688,17.96825,-67.08267138911602,1177.3275482012793,2076.827075679353
124,-26.413216756575384,-84.45033074057866,test211,-55.01805,25.14633,-59.304000740578665,1081.8036710823665,2076.827075679353
125,-58.55110198803156,-149.53919656288446,test212,-102.86554,42.33095,-107.20824656288445,2367.5177181781364,2076.827075679353
126,-41.29889144551238,-160.4718472489608,test213,-107.32666,63.79545,-96.67639724896081,3066.6681490109645,2076.827075679353
127,-32.614846039544794,-138.10725412278302,test214,-88.30599,61.14103,-76.96622412278302,1967.044737882344,2076.827075679353
128,-43.86342081764312,-114.91912893560288,test215,-78.22998,35.53656,-79.38256893560288,1261.6098830255644,2076.827075679353
129,-56.01864847003271,-139.80536488287507,test216,-96.67244,43.34854,-96.45682488287507,1635.2461115961603,2076.827075679353
130,-61.3981145410925,-131.00743333647634,test217,-92.45178,30.7692,-100.23823333647634,1508.5548280395294,2076.827075679353
131,-47.314226759783175,-112.81207356509336,test218,-79.82228,28.75815,-84.05392356509336,1349.8053213461192,2076.827075679353
132,-45.74012389663705,-130.48197714917265,test219,-87.38128,41.48903,-88.99294714917265,1870.8067193150841,2076.827075679353
133,-23.98885409033258,-163.4849574576487,test22,-99.21753,78.91151,-84.5734474576487,3670.492953483044,2076.827075679353
134,-33.09525164553727,-97.20612473827424,test220,-63.92128,31.83669,-65.36943473827424,1041.622894303509,2076.827075679353
135,-51.3169735467115,-129.46636079962093,test221,-89.02821,36.47716,-92.98920079962093,1736.5745242181274,2076.827075679353
136,-50.31843125145876,-120.34939097732784,test222,-82.38103,31.01953,-89.32986097732784,1521.8916492564215,2076.827075679353
137,-29.330299628823752,-83.33881154184152,test223,-53.21105,23.48917,-59.84964154184152,931.4302308036831,2076.827075679353
138,-44.58539826795701,-110.75471725714624,test224,-74.58295,29.2119,-81.54281725714624,1365.8508183424847,2076.827075679353
139,-42.64677171932011,-106.43444961693464,test225,-72.42273,27.68843,-78.74601961693465,1303.1556987734277,2076.827075679353
140,-40.764091645329536,-122.33695053302912,test226,-81.87886,38.34423,-83.99272053302911,1868.7143555104544,2076.827075679353
141,-24.10876256254792,-88.94888727791108,test227,-55.12844,32.08098,-56.86790727791109,1073.1615624821063,2076.827075679353
142,-38.07894159024603,-98.65467108838052,test228,-65.17812,24.11696,-74.53771108838052,1329.2418733181016,2076.827075679353
143,-38.50043047090157,-98.7234569474426,test229,-65.63521,23.7858,-74.9376569474426,1327.671473302743,2076.827075679353
144,-33.9959211102126,-125.14051527964178,test23,-78.4653,53.81026,-71.33025527964178,1393.852507874607,2076.827075679353
145,-22.439797215411147,-128.35366633326757,test230,-78.78312,56.52015,-71.83351633326757,2439.7394882936946,2076.827075679353
146,-31.783964624425963,-116.19379279722608,test231,-74.70639,45.14541,-71.04838279722608,1541.6945344485164,2076.827075679353
147,-46.84886421425525,-146.2850072451346,test232,-99.71234,49.64438,-96.64062724513461,2479.2196657232444,2076.827075679353
148,-50.75058927765844,-122.1725420140302,test233,-82.58026,32.9923,-89.1802420140302,1476.8382094381252,2076.827075679353
149,-53.12393983368884,-155.5111494441855,test234,-105.08062,58.82264,-96.68850944418548,1897.871725347808,2076.827075679353
150,-43.38550005897062,-158.3038714201488,test235,-104.50343,62.26976,-96.0341114201488,2771.8762782603803,2076.827075679353
151,-55.293444538156734,-156.29564396694542,test236,-107.89852,50.63446,-105.66118396694543,2536.9091751663555,2076.827075679353
152,-50.63718342833963,-188.72134413949175,test237,-125.39809,79.91479,-108.80655413949175,3383.675688931442,2076.827075679353
153,-62.71311716070368,-163.18664270752168,test238,-112.99799,49.58993,-113.59671270752168,2589.1402957721557,2076.827075679353
154,-42.77739505452968,-170.1052841479431,test239,-109.3751,64.17081,-105.9344741479431,3988.81663961168,2076.827075679353
155,-48.07180972897045,-154.97672505662044,test24,-103.75498,55.36483,-99.61189505662044,2656.380395581442,2076.827075679353
156,-35.6196761475793,-114.62786070307146,test240,-74.80647,38.91208,-75.71578070307146,1607.6976005249592,2076.827075679353
157,-48.45370018491527,-166.70865438482377,test241,-112.04891,59.55992,-107.14873438482377,3445.1070397284284,2076.827075679353
158,-25.20624804133676,-157.858063415495,test242,-99.1069,82.62694,-75.23112341549499,2502.4881562000623,2076.827075679353
159,-41.41461755635027,-157.1030820591424,test243,-102.76994,62.33158,-94.77150205914239,2846.9571238442977,2076.827075679353
160,-49.23605117930186,-149.3395144116298,test244,-101.4434,46.1015,-103.2380144116298,2916.2120329456993,2076.827075679353
161,-35.84331885440456,-136.9727617818995,test245,-86.7527,51.09923,-85.87353178189949,2503.0222055704808,2076.827075679353
162,-55.63179293880879,-190.61828494664647,test246,-130.00444,73.50123,-117.11705494664646,3780.4374441724462,2076.827075679353
163,-56.94484282877271,-160.48322827279827,test247,-107.85929,44.73157,-115.75165827279827,3458.241542667683,2076.827075679353
164,-48.35644352067288,-138.77413488496305,test248,-94.50178,50.29528,-88.47885488496306,1609.8078936853212,2076.827075679353
165,-41.56104260747687,-135.6264121909387,test249,-93.70129,47.75293,-87.87348219093872,2144.8420601718035,2076.827075679353
166,-49.99556670850145,-157.5512280354598,test25,-107.68194,50.81329,-106.73793803545979,3219.696703806424,2076.827075679353
167,-38.7380142635374,-117.02577662761648,test251,-77.17253,36.48114,-80.54463662761648,1747.7936734927173,2076.827075679353
168,-52.331810881892174,-156.84807440430177,test252,-106.53998,52.72767,-104.12040440430177,2682.058419029365,2076.827075679353
169,-39.86820042841406,-133.8708897883563,test253,-89.12174,47.87595,-85.99493978835629,2127.6760839800436,2076.827075679353
170,-43.20790861779712,-156.47015708758966,test254,-103.53206,58.08555,-98.38460708758966,3044.4680540264058,2076.827075679353
171,-28.570833596256143,-101.8127967557559,test255,-64.83412,28.90008,-72.9127167557559,1966.2026021307277,2076.827075679353
172,-42.99176505979666,-127.72355145017605,test256,-83.84627,43.3376,-84.38595145017604,1713.478666921469,2076.827075679353
173,-44.932354061017634,-81.25810139160416,test257,-59.683,16.73611,-64.52199139160416,383.7538907439092,2076.827075679353
174,-42.588355627449,-102.6505912915069,test258,-72.7686,28.84611,-73.8044812915069,974.4465014742547,2076.827075679353
175,-40.55564454265653,-109.59836302761026,test259,-74.43671,33.0198,-76.57856302761027,1297.6506561736219,2076.827075679353
176,-40.053250887194245,-107.883426397981,test26,-73.48403,34.6993,-73.184126397981,1097.6549121112498,2076.827075679353
177,-44.0862442108813,-130.67633517341457,test260,-88.71755,48.40718,-82.26915517341457,1457.934689572744,2076.827075679353
178,-31.409754463141773,-115.2965593339948,test261,-74.09339,43.68042,-71.6161393339948,1616.5533843831588,2076.827075679353
179,-21.50223414682146,-118.64198640165654,test262,-73.63656,49.65935,-68.98263640165653,2254.388598280947,2076.827075679353
180,-46.84958075608749,-157.25981159329487,test263,-104.26506,57.23612,-100.02369159329487,2827.4860633276153,2076.827075679353
181,-32.64209455027326,-153.58057753692677,test264,-96.03009,66.28551,-87.29506753692677,2986.947456279878,2076.827075679353
182,-38.81364054815628,-124.85678396725818,test265,-84.52091,42.08417,-82.77261396725818,1932.3913440613076,2076.827075679353
183,-46.77256532519201,-117.41544199950528,test266,-80.9915,33.66793,-83.74751199950528,1367.1466815683095,2076.827075679353
184,-36.76166338380848,-108.1602914487454,test267,-73.09578,35.91067,-72.24962144874539,1259.3951676187203,2076.827075679353
185,-27.124647639710098,-77.88177268517107,test268,-49.29901,20.68309,-57.19868268517107,904.4475839156148,2076.827075679353
186,-24.226429598822516,-102.34632079423524,test269,-63.11661,32.01892,-70.32740079423525,2125.2995451602737,2076.827075679353
187,-28.817197537407875,-91.62209929924812,test27,-57.94047,32.46907,-59.15302929924812,920.2626886826753,2076.827075679353
188,-31.564643642322967,-126.69266452488584,test270,-82.16928,46.28091,-80.41175452488585,2386.040241573394,2076.827075679353
189,-42.71875441567717,-128.76793086301893,test271,-86.14002,43.95066,-84.81727086301893,1772.2850870671052,2076.827075679353
190,-44.649729504111775,-146.59434315231684,test272,-98.84409,51.6587,-94.93564315231683,2528.6731114347353,2076.827075679353
191,-39.89817280001389,-147.062164081418,test273,-94.82476,52.76478,-94.29738408141799,2959.274188038843,2076.827075679353
192,-43.21842373974321,-171.52091352818866,test274,-114.12994,70.6023,-100.91861352818866,3329.3119016226246,2076.827075679353
193,-57.44479921216996,-165.5119025496499,test275,-116.17661,52.05024,-113.4616625496499,3137.888978169904,2076.827075679353
194,-55.31843935599351,-133.67847609177372,test276,-94.87443,36.78147,-96.89700609177372,1728.7772118017283,2076.827075679353
195,-66.7277385389735,-137.3020409746497,test277,-99.27194,30.30833,-106.99371097464972,1621.348536190637,2076.827075679353
196,-40.78170279337689,-104.30679612932616,test278,-68.61723,27.29542,-77.01137612932615,1312.5892300295932,2076.827075679353
197,-40.37626104168308,-160.26937282904,test279,-102.29926,66.01252,-94.25685282904001,2903.1181713557953,2076.827075679353
198,-19.354347363708783,-56.94982928702664,test28,-35.13952,16.63479,-40.315039287026636,439.3506059042423,2076.827075679353
199,-39.5041575682209,-143.60964727919935,test280,-94.01291,54.5515,-89.05814727919935,2455.597896275758,2076.827075679353
200,-41.19104631220788,-98.65688720018257,test281,-65.77757,24.75724,-73.89964720018257,1069.8525720488187,2076.827075679353
201,-24.716204707835537,-140.73024182726598,test282,-88.4197,67.8364,-72.89384182726599,2321.0847184115228,2076.827075679353
202,-33.28142355274893,-134.4773159046434,test283,-84.9452,46.07341,-88.40390590464341,3038.488060634918,2076.827075679353
203,-55.61743682433496,-128.01590531891327,test284,-90.7204,33.14335,-94.87255531891327,1540.9643280233843,2076.827075679353
204,-37.914023941888246,-148.16085779050167,test285,-96.76649,60.36007,-87.80078779050166,2488.689207287322,2076.827075679353
205,-51.04226246888253,-153.80753018901422,test286,-106.88354,52.19474,-101.61279018901422,2557.378273892608,2076.827075679353
206,-26.037540174494477,-116.21614284573435,test287,-75.56678,46.43232,-69.78382284573436,1913.7372475520228,2076.827075679353
207,-51.975479884448525,-142.61605846236657,test288,-96.32511,47.78571,-94.83034846236657,1836.5397608306275,2076.827075679353
208,-46.79394585055656,-136.37845572074997,test289,-91.73764,42.14339,-94.23506572074997,2250.6598545380602,2076.827075679353
209,-30.02590704353895,-113.5775438821184,test29,-73.65242,46.81509,-66.76245388211841,1349.5738736231424,2076.827075679353
210,-41.83745038474519,-104.15734834639102,test290,-71.99979,27.97955,-76.17779834639101,1179.2594981269126,2076.827075679353
211,-33.982238013432806,-133.41535331093996,test291,-84.60565,52.49537,-80.91998331093995,2203.1519336136544,2076.827075679353
212,-35.945701055009216,-93.14311625926244,test292,-61.72911,27.92815,-65.21496625926244,856.6898855969084,2076.827075679353
213,-54.54970455904695,-154.6158079137365,test294,-105.0015,50.21017,-104.40563791373648,2485.6140906672445,2076.827075679353
214,-49.16658609056217,-110.51998063063324,test295,-75.59669,26.95346,-83.56652063063325,1183.3554963611753,2076.827075679353
215,-38.47693666835039,-123.7791106490843,test296,-80.62333,44.96951,-78.8096006490843,1626.7237837827906,2076.827075679353
216,-44.27252279564236,-105.55131680892222,test297,-72.15897,33.05687,-72.49444680892222,796.4769950113424,2076.827075679353
217,-54.92522877016166,-133.27265256655596,test298,-91.4063,39.36536,-93.90729256655595,1519.6012978261547,2076.827075679353
218,-42.92384596131684,-130.82074426163808,test299,-87.33312,48.11874,-82.70200426163808,1582.3018777654154,2076.827075679353
219,-49.24375662810415,-104.97629002167668,test3,-71.23095,22.07586,-82.90043002167667,1132.7716639216123,2076.827075679353
220,-42.13459025601104,-119.14731395562193,test30,-81.50751,36.7134,-82.43391395562193,1624.0354906460204,2076.827075679353
221,-58.90982062482608,-163.21709636985568,test300,-113.75053,48.57209,-114.64500636985568,3106.4109300329505,2076.827075679353
222,-59.70201643395497,-166.29502069337397,test301,-115.23916,52.01213,-114.28289069337397,2979.071834922508,2076.827075679353
223,-43.97315270469802,-125.333077390078,test302,-85.19301,39.60236,-85.73071739007801,1743.694208453694,2076.827075679353
224,-42.68535197301553,-137.01172727803416,test303,-90.4036,48.13118,-88.88054727803416,2133.996069268815,2076.827075679353
225,-40.93452438480181,-153.08027136347908,test305,-97.95961,68.04133,-85.03894136347908,1945.1995970290359,2076.827075679353
226,-40.69959959772033,-132.44737238309412,test306,-86.03527,44.15059,-88.29678238309413,2265.4918091042837,2076.827075679353
227,-48.84771935310231,-137.70358337072918,test307,-93.33766,43.83391,-93.86967337072917,2026.9763435653074,2076.827075679353
228,-41.15823235163092,-145.74205039589978,test308,-96.02734,60.42646,-85.31559039589979,1949.8722694497565,2076.827075679353
229,-26.55807232988647,-133.20483581296503,test309,-84.5963,57.25311,-75.95172581296504,2439.7330044064392,2076.827075679353
230,-38.3701898129203,-130.90812839399683,test31,-84.74896,46.77314,-84.13498839399684,2094.4167891665047,2076.827075679353
231,-49.911737534744944,-130.94592567785594,test310,-89.35262,41.99621,-88.94971567785595,1523.9637375020125,2076.827075679353
232,-44.02095426596199,-129.36140136463231,test311,-87.61248,43.69024,-85.67116136463231,1734.7397513621277,2076.827075679353
233,-50.72859201559995,-107.86333035938186,test312,-76.22255,25.52189,-82.34144035938186,999.3721804069548,2076.827075679353
234,-56.65582642948063,-155.13936959464715,test313,-107.52617,47.21616,-107.92320959464715,2628.344576603999,2076.827075679353
235,-51.60723686344595,-152.5266560368744,test314,-102.92061,47.36325,-105.16340603687442,2868.26325653289,2076.827075679353
236,-44.86083407843683,-124.39181008437652,test315,-85.75629,39.68612,-84.70569008437651,1587.6125501340675,2076.827075679353
237,-55.32852562493468,-138.9964687123335,test316,-95.94414,38.68766,-100.3088087123335,2023.2258666225366,2076.827075679353
238,-34.2083713647664,-138.5727129424736,test317,-90.89541,59.48435,-79.0883629424736,2014.2136440150687,2076.827075679353
239,-52.20168958787855,-153.8844372259546,test318,-103.41137,57.03596,-96.8484772259546,1993.3356463994603,2076.827075679353
240,-55.99133147810229,-126.33194021747018,test319,-89.05012,29.74817,-96.58377021747017,1647.7460828093347,2076.827075679353
241,-38.899362582600766,-112.58194881744672,test32,-76.97305,36.82362,-75.75832881744671,1358.5833919015133,2076.827075679353
242,-32.37492048889668,-115.45181067345206,test320,-73.79845,43.88861,-71.56320067345206,1535.721303823216,2076.827075679353
243,-49.2079180359872,-113.88130906504792,test321,-81.11451,28.00254,-85.87876906504792,1344.7513151955636,2076.827075679353
244,-35.70513817454302,-132.22359800955522,test322,-87.71271,53.66199,-78.56160800955521,1836.67700671931,2076.827075679353
245,-33.92846157936228,-101.07867807927131,test323,-67.62642,29.84838,-71.23029807927131,1391.4270062659455,2076.827075679353
246,-41.47439363352114,-123.03345502649692,test324,-81.99255,39.57333,-83.46012502649693,1762.8016406031124,2076.827075679353
247,-36.3304878424394,-129.42149081429568,test325,-84.05152,50.46588,-78.95561081429568,1816.9011083658697,2076.827075679353
248,-42.019896893604,-175.62659151379742,test326,-114.62816,77.62986,-97.99673151379743,3133.4060140964857,2076.827075679353
249,-54.78530532153075,-195.22023209583224,test327,-132.52265,80.18298,-115.03725209583224,3630.29709009326,2076.827075679353
250,-55.14723896290992,-136.06175758731834,test328,-92.0002,37.19023,-98.87152758731834,1911.813415710572,2076.827075679353
251,-53.91062788717887,-116.07649249591022,test329,-80.87327,27.22609,-88.85040249591022,1220.7878497089478,2076.827075679353
252,-52.32386334183503,-165.0456172836018,test33,-110.78649,59.31236,-105.73325728360182,2852.563361226835,2076.827075679353
253,-47.556813459208286,-117.96302571783252,test330,-78.82906,33.14404,-84.81898571783253,1388.4694814313864,2076.827075679353
254,-55.00067636918489,-146.8448223761331,test331,-97.92341,46.56811,-100.2767123761331,2049.9194365024714,2076.827075679353
255,-38.02850740139297,-170.39589944771507,test332,-106.70453,72.85622,-97.53967944771507,3541.579598326949,2076.827075679353
256,-43.579219141749086,-163.21283073590465,test333,-106.78206,60.02028,-103.19255073590465,3553.7493037547456,2076.827075679353
257,-33.6030771036076,-140.14681727219332,test334,-86.25942,50.46558,-89.68123727219331,3144.760047893553,2076.827075679353
258,-56.21600758002847,-148.92695045679068,test335,-103.37893,43.15419,-105.77276045679068,2455.8717556884794,2076.827075679353
259,-44.8048675507374,-148.43862647120014,test336,-97.70366,54.30706,-94.13156647120013,2433.123226389979,2076.827075679353
260,-30.32128763050288,-85.99534477435887,test337,-55.678,28.35422,-57.64112477435887,746.3735015668135,2076.827075679353
261,-18.611567659532543,-118.1996708139949,test338,-70.46449,50.34732,-67.85235081399489,2424.654725664783,2076.827075679353
262,-35.46045888230525,-119.77972174218492,test339,-78.9033,44.00362,-75.77610174218492,1625.351059205367,2076.827075679353
263,-53.66693999626174,-121.15140012393104,test34,-84.94342,27.89488,-93.25652012393104,1567.334854685148,2076.827075679353
264,-32.26495108526711,-71.72975741795545,test340,-48.79748,10.18064,-61.54911741795546,857.5623978005578,2076.827075679353
265,-39.63127377393788,-97.82715010638051,test341,-65.01356,27.90322,-69.92393010638051,917.6450276754767,2076.827075679353
266,-49.99241754719699,-137.1536051607236,test342,-95.03771,34.41289,-102.7407151607236,2782.3829011251764,2076.827075679353
267,-26.49007253428401,-83.80491066734287,test343,-53.34461,30.14586,-53.65905066734287,738.1533727946304,2076.827075679353
268,-60.892470465513874,-194.34487969826165,test344,-132.57113,73.05907,-121.28580969826164,3647.3554236817513,2076.827075679353
269,-45.7203491066802,-130.8097505148965,test345,-87.6976,37.95348,-92.85627051489651,2221.7950870015443,2076.827075679353
270,-39.42198242686739,-155.01656104402488,test346,-100.04112,63.6646,-91.35196104402488,2696.7226791784337,2076.827075679353
271,-40.10412433871254,-121.44167102414596,test347,-79.14557,35.20462,-86.23705102414596,2128.246924563575,2076.827075679353
272,-53.38734091456302,-131.17011314744482,test348,-92.80375,35.40137,-95.76874314744482,1796.1832552253188,2076.827075679353
273,-22.433354998704413,-118.8312764510171,test349,-70.92921,49.19056,-69.64071645101711,2228.5349752892985,2076.827075679353
274,-54.46678408633857,-137.00713106992757,test35,-97.55961,34.4295,-102.57763106992758,2314.6535974783155,2076.827075679353
275,-45.38394645678286,-171.23078206167284,test350,-113.27086,67.59294,-103.63784206167284,3393.5163531454205,2076.827075679353
276,-23.105292277911428,-117.51056373781924,test351,-72.61807,53.39115,-64.11941373781923,1682.1581591280694,2076.827075679353
277,-33.56762218231851,-186.52479905238596,test352,-118.83061,87.93702,-98.58777905238595,4227.620799408178,2076.827075679353
278,-46.612844385352936,-141.26095632330825,test353,-94.26183,46.94111,-94.31984632330824,2275.9580339080712,2076.827075679353
279,-43.3858068551094,-154.84147134638397,test354,-102.02409,59.2512,-95.59027134638397,2725.3061128207473,2076.827075679353
280,-41.88755703494175,-114.10904058991687,test355,-77.5416,29.73552,-84.37352058991686,1805.0570991946736,2076.827075679353
281,-48.75439230696605,-108.1953559046474,test356,-75.96552,26.00538,-82.1899759046474,1117.938250517538,2076.827075679353
282,-48.41621241901933,-118.5398811662195,test357,-79.73335,32.2634,-86.2764811662195,1433.3999496102217,2076.827075679353
283,-29.650972059714075,-104.90924073900447,test358,-67.06015,34.93491,-69.97433073900447,1625.973255178704,2076.827075679353
284,-34.29811175221056,-122.1340403311714,test359,-78.27796,53.27527,-68.8587703311714,1194.4391214114996,2076.827075679353
285,-34.325750750609856,-139.92215897794904,test36,-92.35228,57.56021,-82.36194897794904,2307.4763401362243,2076.827075679353
286,-55.04555416976695,-130.55423047866833,test360,-90.99354,35.4639,-95.09033047866833,1603.5841096299496,2076.827075679353
287,-54.45739467217025,-161.96823384370103,test361,-110.14157,52.39831,-109.56992384370102,3037.3908716828296,2076.827075679353
288,-27.075066072161587,-137.99135289278286,test362,-85.85237,58.73754,-79.25381289278286,2722.6216197704944,2076.827075679353
289,-29.383540183479127,-125.22178006495632,test363,-78.75093,52.17698,-73.04480006495632,1906.3056144378897,2076.827075679353
290,-33.370781697911035,-142.55151936140228,test364,-90.02419,65.33141,-77.22010936140228,1922.7635365402186,2076.827075679353
291,-44.73811443589037,-143.897449035151,test365,-94.5565,50.13375,-93.763699035151,2403.507945299262,2076.827075679353
292,-41.89217907244056,-136.01067268127213,test366,-90.17343,52.72234,-83.28833268127212,1713.6415336059783,2076.827075679353
293,-46.001713989207296,-142.16988126612645,test367,-94.80095,47.94254,-94.22734126612644,2325.711126252328,2076.827075679353
294,-60.31336307815765,-123.3815260414362,test368,-87.15182,24.77395,-98.6075760414362,1466.4467464769311,2076.827075679353
295,-52.42967184162621,-146.82877963286006,test369,-98.06645,45.04963,-101.77914963286005,2435.3709582674824,2076.827075679353
296,-49.18203406086396,-117.49009697137704,test37,-82.92143,31.92537,-85.56472697137704,1323.7003434206986,2076.827075679353
297,-30.570028187799725,-167.24249121066362,test370,-101.33959,75.13961,-92.10288121066361,3786.29200113337,2076.827075679353
298,-33.19907362872976,-128.57899212593793,test371,-82.44027,46.27382,-82.30517212593793,2411.4089096175107,2076.827075679353
299,-34.74876625340419,-139.15671307729468,test372,-87.53018,55.93318,-83.22353307729469,2349.803018630555,2076.827075679353
300,-37.29572362114728,-122.95263589244492,test373,-81.26857,44.23967,-78.71296589244491,1715.3879573593633,2076.827075679353
301,-31.26217332657084,-151.90709247175195,test374,-94.42891,75.93919,-75.96790247175196,1998.6022184022963,2076.827075679353
302,-56.58501166362693,-137.09780452918244,test375,-94.48884,39.13615,-97.96165452918244,1712.0265748237257,2076.827075679353
303,-36.32348259961282,-133.67398209004432,test376,-86.81782,58.82663,-74.84735209004432,1484.0885205157997,2076.827075679353
304,-45.12905032173523,-142.4247117261385,test377,-97.11951,53.26499,-89.1597217261385,1938.700024322536,2076.827075679353
305,-33.07292593768461,-130.62967960000134,test378,-84.7495,54.42286,-76.20681960000134,1860.5327824720473,2076.827075679353
306,-43.779720053101045,-130.58414049538223,test379,-89.55951,41.69439,-88.88975049538223,2034.9148465035353,2076.827075679353
307,-21.016856475037155,-105.51073127211716,test38,-67.13843,46.91338,-58.59735127211716,1412.2935891933575,2076.827075679353
308,-38.90914817148583,-149.27420344006396,test380,-97.82841,59.58356,-89.69064344006395,2578.7602617126217,2076.827075679353
309,-34.343194241960134,-132.1622545333111,test381,-87.6141,52.87694,-79.28531453331112,2019.7941762822622,2076.827075679353
310,-56.67891652479467,-153.14558322025093,test382,-108.96179,45.28674,-107.85884322025092,2619.3848965522748,2076.827075679353
311,-50.02893494326449,-130.50448212953216,test383,-89.58193,47.5853,-82.91918212953217,1081.7683599737895,2076.827075679353
312,-32.8975361865833,-115.1072414462795,test384,-75.50805,41.76873,-73.33851144627951,1635.472479955361,2076.827075679353
313,-58.94205347105797,-134.0934520130957,test385,-96.59145,30.21208,-103.88137201309571,2019.5423510227376,2076.827075679353
314,-42.30385624144999,-117.65132058278776,test386,-79.36885,34.54413,-83.10719058278775,1664.9120933709933,2076.827075679353
315,-47.811092765402,-103.74042487504552,test387,-72.41353,20.53349,-83.20693487504552,1252.8656386508133,2076.827075679353
316,-41.1839883483776,-145.85031574896374,test388,-95.1058,53.81525,-92.03506574896375,2585.832072800403,2076.827075679353
317,-51.2981696328733,-166.4914680352902,test389,-111.97258,59.67657,-106.81489803529021,3082.107132507725,2076.827075679353
318,-38.42052200796597,-117.12262253550092,test39,-76.91793,36.76293,-80.35969253550093,1758.8940245376566,2076.827075679353
319,-50.98534448644856,-165.1640285740035,test390,-111.77828,54.52014,-110.64388857400351,3559.141882646738,2076.827075679353
320,-48.548835069147295,-153.21257517770513,test391,-101.28648,55.04553,-98.16704517770513,2461.9667743769915,2076.827075679353
321,-46.05495455586057,-131.050795203697,test392,-89.1843,41.4394,-89.61139520369699,1897.1635219084965,2076.827075679353
322,-60.19040816463193,-154.77031727419023,test393,-107.98549,40.92792,-113.84239727419023,2878.5359354121624,2076.827075679353
323,-45.89572180789244,-175.74817786969163,test394,-116.22084,66.74796,-109.00021786969162,3982.1774232136286,2076.827075679353
324,-50.51977859667534,-149.99253838080978,test395,-101.55582,49.27548,-100.71705838080977,2519.7668977266717,2076.827075679353
325,-37.18604778336128,-165.70953928564984,test396,-105.36323,65.86621,-99.84332928564984,3925.9349252570323,2076.827075679353
326,-44.60107914410519,-148.63981442440488,test397,-97.98954,54.41598,-94.22383442440488,2462.417841608511,2076.827075679353
327,-51.6084693811252,-137.63077302879543,test398,-91.08748,34.45808,-103.17269302879544,2658.8691603869547,2076.827075679353
328,-47.47586245402663,-150.8269854430061,test399,-101.51881,57.20834,-93.6186454430061,2129.156421968053,2076.827075679353
329,-59.70849780640649,-142.4912259204375,test4,-102.21503,37.18094,-105.31028592043751,2079.5230791969807,2076.827075679353
330,-31.58524252245925,-89.24474850700079,test40,-58.71804,30.06123,-59.1835185070008,761.6648373189228,2076.827075679353
331,-43.154686427987976,-124.694665070134,test400,-83.93122,38.69609,-85.998575070134,1835.5987939806087,2076.827075679353
332,-38.330387214210056,-120.52030384171772,test401,-77.87434,43.15515,-77.36515384171773,1523.7130056639867,2076.827075679353
333,-42.38645001133659,-139.60714875029137,test402,-93.32645,50.43978,-89.16736875029137,2188.4543580606905,2076.827075679353
334,-49.19717761578216,-167.06648162827543,test403,-109.46668,60.20184,-106.86464162827542,3325.5364056322055,2076.827075679353
335,-45.82079259767546,-135.62118099927278,test404,-90.10321,49.87347,-85.74771099927278,1594.1588130478112,2076.827075679353
336,-45.805798192032086,-121.56295522884932,test405,-82.87738,34.21525,-87.34770522884932,1725.7300402555654,2076.827075679353
337,-53.21273170897789,-154.2655721647444,test406,-104.34758,51.05916,-103.20641216474442,2499.3680855132925,2076.827075679353
338,-39.814719073601374,-122.58460906255472,test407,-80.29772,41.86953,-80.71507906255472,1672.8394472259758,2076.827075679353
339,-40.52245942480424,-115.904973047461,test408,-76.53776,36.81971,-79.085263047461,1487.0898232395894,2076.827075679353
340,-37.60391569194467,-145.36577792896938,test409,-95.93894,58.77845,-86.58732792896939,2399.3746743823026,2076.827075679353
341,-39.13950706123379,-126.63906426400185,test41,-85.09805,44.48503,-82.15403426400184,1850.249550477672,2076.827075679353
342,-43.74707458905871,-168.7023208323645,test410,-109.69306,63.49305,-105.20927083236451,3777.601567050633,2076.827075679353
343,-25.888597265595,-146.37389369450003,test411,-91.14754,67.33355,-79.04034369450002,2825.1081484426186,2076.827075679353
344,-39.78421090936256,-153.17559713899516,test412,-96.52461,60.11058,-93.06501713899516,2838.8443124796563,2076.827075679353
345,-63.60009687261026,-172.93964701045522,test413,-117.08239,60.76038,-112.17926701045522,2359.9357712816877,2076.827075679353
346,-61.725565370965775,-150.4816597658834,test415,-104.74325,38.75327,-111.72838976588339,2500.2824474689683,2076.827075679353
347,-55.87318094419622,-159.10998275664878,test416,-106.95198,51.09321,-108.01677275664878,2718.954167103669,2076.827075679353
348,-65.79264749688818,-199.05819978622296,test417,-136.09582,64.5767,-134.48149978622297,4718.158428826053,2076.827075679353
349,-54.54965635761169,-135.68256086528808,test418,-92.50837,35.89332,-99.78924086528808,2046.6200064271936,2076.827075679353
350,-47.15119164059647,-158.38881244962863,test419,-103.72607,58.22913,-100.15968244962863,2809.900097851247,2076.827075679353
351,-27.92680077797545,-117.3455884000642,test42,-76.45889,51.86866,-65.4769284000642,1410.012084435152,2076.827075679353
352,-47.33939512476171,-98.80340115114252,test420,-68.09721,18.62907,-80.17433115114252,1078.1330238565208,2076.827075679353
353,-32.8880620907208,-114.03993570033003,test421,-71.71674,36.30233,-77.73760570033004,2011.4815619902406,2076.827075679353
354,-27.671304440148564,-151.0653439799908,test422,-93.35498,67.67482,-83.39052397999082,3104.631426129139,2076.827075679353
355,-18.88189275352904,-132.243916798877,test423,-80.93169,59.88983,-72.35408679887699,2859.2755360233446,2076.827075679353
356,-34.290742446481865,-131.59418601316673,test424,-84.36335,50.23574,-81.35844601316674,2215.36871904132,2076.827075679353
357,-42.2186228452125,-154.99317326383093,test425,-102.53143,57.12236,-97.87081326383093,3097.1662983901642,2076.827075679353
358,-49.77686693212532,-126.48786927704472,test426,-86.17901,33.88892,-92.59894927704472,1833.7307363550578,2076.827075679353
359,-49.08341811848639,-166.84190633741062,test427,-109.86786,65.03706,-101.80484633741062,2779.5489934431803,2076.827075679353
360,-39.84375636419931,-122.29332972016118,test428,-80.72916,40.09789,-82.19543972016118,1793.6650830836575,2076.827075679353
361,-49.69208893242517,-124.48010900539384,test43,-86.15523,31.83809,-92.64201900539385,1844.696493272899,2076.827075679353
362,-35.98017921266758,-124.77761865461125,test430,-80.81504,44.90955,-79.86806865461125,1926.1468396682708,2076.827075679353
363,-51.16279546003869,-117.50909059609523,test431,-81.63691,33.53808,-83.97101059609523,1076.3789804137693,2076.827075679353
364,-52.063361010050336,-122.98209570111374,test432,-85.09498,31.95412,-91.02797570111373,1518.2411980230333,2076.827075679353
365,-38.3753362887207,-146.3883677931733,test433,-95.81226,63.08223,-83.30613779317329,2018.776923832519,2076.827075679353
366,-45.82623396738124,-178.1521165166657,test434,-114.56961,71.94234,-106.2097765166657,3646.1722108012464,2076.827075679353
367,-55.49682023744886,-121.03643779439736,test435,-85.77629,28.1908,-92.84563779439736,1394.9341729022249,2076.827075679353
368,-39.42748336141064,-172.26811215192978,test436,-110.77199,71.87602,-100.39209215192979,3716.6835249810447,2076.827075679353
369,-48.91039295130222,-148.51494187527524,test437,-99.56933,53.31596,-95.19898187527525,2142.6334645725588,2076.827075679353
370,-51.21293547945425,-147.13428841859823,test438,-99.98342,43.79533,-103.33895841859822,2717.1222674521637,2076.827075679353
371,-45.00087223096031,-131.06858542508303,test439,-88.84779,45.4327,-85.63588542508303,1651.2042972865277,2076.827075679353
372,-28.82802595741124,-84.71080474768495,test44,-52.69774,25.69294,-59.017864747684946,911.426366182715,2076.827075679353
373,-49.12626995772893,-141.4469393304355,test440,-93.98065,45.49116,-95.95577933043549,2193.002948088412,2076.827075679353
374,-52.33159911111921,-156.11397984095535,test441,-105.29229,53.46435,-102.64962984095536,2531.9042165287347,2076.827075679353
375,-49.73869568865783,-126.63687710474464,test442,-86.45822,32.52695,-94.10992710474464,1968.8061773799295,2076.827075679353
376,-30.6303089774726,-106.93428674127892,test443,-68.76658,33.80012,-73.13416674127893,1806.5779248058802,2076.827075679353
377,-36.96038971416898,-130.3274322663999,test444,-84.83688,53.03272,-77.29471226639991,1626.8575757474046,2076.827075679353
378,-34.935103396496125,-96.2984105370562,test45,-64.90281,28.08305,-68.2153605370562,1107.5755153418,2076.827075679353
379,-33.253415322648856,-88.81484688551596,test46,-58.98924,29.28217,-59.53267688551596,690.5995882895845,2076.827075679353
380,-27.226981124052237,-92.18377147562686,test47,-59.01099,30.30425,-61.87952147562686,1200.7985528175075,2076.827075679353
381,-40.5587440878014,-142.20652880490258,test48,-95.30351,52.79718,-89.40934880490258,2386.381581226468,2076.827075679353
382,-42.01123894505135,-138.02576606848498,test49,-93.15479,44.78867,-93.23709606848499,2624.0884380304365,2076.827075679353
383,-46.76100032711529,-132.1497471404089,test5,-88.67675,39.15212,-92.9976271404089,2137.825659071781,2076.827075679353
384,-41.721655900654575,-119.65917148338865,test50,-83.35922,34.66918,-84.98999148338865,1872.1488641000917,2076.827075679353
385,-55.46053814017408,-139.18443911735605,test51,-94.52123,41.30931,-97.87512911735604,1798.9975277616452,2076.827075679353
386,-34.70446062989667,-125.87593289661083,test52,-82.12647,44.6718,-81.20413289661084,2162.219520911827,2076.827075679353
387,-38.67192399769631,-142.94374017611932,test53,-91.32564,63.76495,-79.17879017611932,1640.80620759667,2076.827075679353
388,-46.594311418602885,-126.34905005156988,test54,-87.5886,38.23662,-88.11243005156987,1723.7541748211206,2076.827075679353
389,-40.56374906557839,-112.14073102324296,test55,-75.61948,34.39254,-77.74819102324297,1382.6827237029256,2076.827075679353
390,-51.95847751023754,-120.76075994623376,test56,-85.08325,30.36109,-90.39966994623376,1477.7252759012927,2076.827075679353
391,-35.591138733955304,-114.65900816975802,test57,-76.62083,38.41553,-76.24347816975802,1652.6127016037208,2076.827075679353
392,-46.91235220550512,-145.05996026114806,test58,-97.50153,46.98509,-98.07487026114806,2617.60325379399,2076.827075679353
393,-31.91352741581252,-141.94016661067607,test59,-91.34898,58.01722,-83.92294661067606,2704.97968498704,2076.827075679353
394,-47.804671024637095,-156.84915424655404,test6,-104.12701,55.15575,-101.69340424655404,2903.9955682629347,2076.827075679353
395,-62.46991102922148,-195.78992511860108,test60,-132.95716,65.9434,-129.84652511860108,4539.608126149185,2076.827075679353
396,-24.85189885523034,-141.63582338217364,test61,-89.6227,71.19506,-70.44076338217364,2078.3445688559896,2076.827075679353
397,-44.28135494732213,-130.41149977760088,test62,-87.37255,39.48256,-90.92893977760087,2175.9971704980517,2076.827075679353
398,-17.679702351907984,-108.351918482452,test63,-64.65806,47.35952,-60.992398482452,1875.9896460968428,2076.827075679353
399,-29.323293194584185,-94.5994947153356,test64,-62.15758,30.07422,-64.5252747153356,1239.1795029873242,2076.827075679353
400,-69.77930429766236,-196.00914178152112,test65,-136.69066,71.08476,-124.92438178152112,3040.979570700786,2076.827075679353
401,-54.99268398975893,-135.26872007966952,test66,-95.30799,40.69988,-94.56884007966951,1566.2721308529665,2076.827075679353
402,-40.45214969580192,-125.06086685486362,test67,-83.22243,38.10212,-86.95874685486362,2162.8635793152457,2076.827075679353
403,-50.583042092975866,-168.9467448084339,test68,-108.71444,57.96144,-110.98530480843388,3648.4333411472094,2076.827075679353
404,-34.39826378802003,-100.98283033002772,test69,-67.5901,31.70787,-69.27496033002772,1216.3839616832913,2076.827075679353
405,-39.1665527619496,-133.25200149464752,test7,-87.37955,49.3927,-83.85930149464753,1997.4417892840718,2076.827075679353
406,-41.06840761400172,-104.28888696287908,test70,-74.5179,27.6825,-76.60638696287907,1262.947976201233,2076.827075679353
407,-34.948358957515374,-118.38383006746824,test71,-77.6025,42.03117,-76.35266006746824,1714.3161504036436,2076.827075679353
408,-27.09122121421124,-103.88486844425756,test72,-69.19613,37.88727,-65.99759844425756,1513.7061891666665,2076.827075679353
409,-21.20731761140319,-64.5986400308986,test73,-42.91966,22.68485,-41.913790030898596,428.7580000593239,2076.827075679353
410,-41.330373158573884,-114.49549108463091,test74,-76.26407,35.72136,-78.77413108463091,1402.0350076251582,2076.827075679353
411,-37.12411252178864,-105.82098480313284,test75,-70.99362,27.20194,-78.61904480313285,1721.829405033342,2076.827075679353
412,-42.468956403632966,-96.14329454329814,test76,-65.83539,17.60353,-78.53976454329813,1301.103199848535,2076.827075679353
413,-37.38304753496976,-104.78705934921663,test77,-72.35017,29.50761,-75.27944934921663,1436.1372704668536,2076.827075679353
414,-52.1787605258902,-149.5212584525038,test78,-103.241,50.50201,-99.01924845250379,2194.0313092032334,2076.827075679353
415,-49.48807323382495,-123.94122857950882,test79,-85.19941,37.2915,-86.64972857950882,1380.9886280313945,2076.827075679353
416,-48.39421363309991,-127.82147448778969,test8,-86.65951,35.93083,-91.89064448778969,1891.9394970968087,2076.827075679353
417,-46.708882827516845,-103.6965099535784,test80,-71.95894,21.57775,-82.1187599535784,1253.8593980827777,2076.827075679353
418,-41.12551290728784,-93.72029853997026,test81,-64.91215,19.97658,-73.74371853997026,1063.947338695955,2076.827075679353
419,-38.25833404570736,-67.68558041467716,test82,-46.63574,6.29395,-61.39163041467716,535.1494008945914,2076.827075679353
420,-53.726407014903934,-143.9381558547557,test83,-97.06587,42.35562,-101.5825358547557,2290.2090675364925,2076.827075679353
421,-54.50721323143111,-152.6327781824376,test84,-102.96224,48.9793,-103.6534781824376,2415.355358634529,2076.827075679353
422,-28.61299987030641,-101.56703856236952,test85,-64.05983,39.52713,-62.03990856236952,1117.3582247075242,2076.827075679353
423,-60.14817907057755,-139.34252276450405,test86,-95.50398,37.51213,-101.83039276450405,1737.4069384261543,2076.827075679353
424,-37.87935390745026,-124.5797246214729,test87,-79.50427,40.37523,-84.2044946214729,2146.0186621739986,2076.827075679353
425,-35.940558446689884,-80.44611938824812,test89,-54.28946,13.99712,-66.44899938824813,930.7649686845471,2076.827075679353
426,-44.071710795227816,-140.91581624946292,test9,-93.61567,53.72841,-87.18740624946292,1858.96319450235,2076.827075679353
427,-45.6991200914531,-137.8568134222049,test90,-94.3187,45.30798,-92.54883342220491,2194.8956391736233,2076.827075679353
428,-25.60571368652798,-113.19148571516264,test91,-71.60913,48.84076,-64.35072571516264,1501.1759570990446,2076.827075679353
429,-33.26838261221844,-100.18506470270174,test92,-64.19916,33.72698,-66.45808470270174,1101.5563248550316,2076.827075679353
430,-44.79427501006802,-133.87866282124676,test93,-89.04335,49.27477,-84.60389282124677,1584.8056702721208,2076.827075679353
431,-55.44273268329823,-117.86714035268176,test94,-82.15063,27.44375,-90.42339035268176,1223.6464109826009,2076.827075679353
432,-53.78981702622984,-124.96616617034093,test95,-86.52104,36.69845,-88.26771617034092,1188.7255293914955,2076.827075679353
433,-49.4146168886409,-161.04255607482037,test96,-105.4312,52.32202,-108.72053607482036,3517.192050517649,2076.827075679353
434,-53.03903715564224,-131.86222845013572,test97,-89.7296,35.17339,-96.68883845013572,1905.3051530487646,2076.827075679353
435,-50.14563946752595,-114.92865858157946,test98,-82.12251,29.11019,-85.81846858157945,1272.550737000463,2076.827075679353
436,-47.48848124161899,-111.14227547561764,test99,-77.14856,24.75663,-86.38564547561764,1512.9893854466634,2076.827075679353
